:020000040800F2
:1000000000500020F12300084D230008552300086C
:100010005D230008652300086D2300080000000030
:1000200000000000000000000000000051860008F1
:1000300075230008000000003188000881230008B3
:10004000392400083924000839240008392400081C
:10005000392400089B2300083924000839240008AB
:10006000392400083924000839240008A92300088D
:1000700039240008392400083924000839240008EC
:1000800039240008392400083924000839240008DC
:1000900039240008392400083924000839240008CC
:1000A00039240008392400083924000839240008BC
:1000B000BD23000839240008392400083924000829
:1000C000392400083924000839240008392400089C
:1000D0003924000839240008D123000839240008F5
:1000E00039240008392400083924000800000000E1
:1000F0000000000000000000000000000000000000
:0C01000000000000000000005FF808F1A3
:1001100010B5054C237833B9044B13B10448AFF341
:1001200000800123237010BD640000200000000047
:100130000097000808B5034B1BB103490348AFF310
:10014000008008BD00000000680000200097000843
:1001500080F0004002E000BF81F0004142001FBF7C
:100160005FEA410392EA030F7FEA226C7FEA236C85
:100170006AD04FEA1262D2EB1363C1BFD21841407A
:1001800048404140B8BF5B42192B88BF704710F010
:10019000004F40F4000020F07F4018BF404211F0B3
:1001A000004F41F4000121F07F4118BF494292EA1B
:1001B000030F3FD0A2F1010241FA03FC10EB0C0047
:1001C000C3F1200301FA03F100F0004302D54942D4
:1001D00060EB4000B0F5000F13D3B0F1807F06D381
:1001E00040084FEA310102F10102FE2A51D2B1F179
:1001F000004F40EBC25008BF20F0010040EA03006E
:100200007047490040EB0000013A28BFB0F5000FED
:10021000EDD2B0FA80FCACF1080CB2EB0C0200FAA3
:100220000CF0AABF00EBC25052421843BCBFD040F2
:100230001843704792F0000F81F4000106BF80F46C
:1002400000000132013BB5E74FEA41037FEA226C2F
:1002500018BF7FEA236C21D092EA030F04D092F0FA
:10026000000F08BF0846704790EA010F1CBF00202E
:10027000704712F07F4F04D1400028BF40F000408B
:10028000704712F100723CBF00F50000704700F0AB
:10029000004343F0FE4040F4000070477FEA2262D2
:1002A00016BF08467FEA23630146420206BF5FEAA3
:1002B000412390EA010F40F4800070474FF00003A3
:1002C00004E000BF10F0004348BF40425FEA000C6A
:1002D00008BF704743F0964301464FF000001CE012
:1002E00050EA010208BF70474FF000030AE000BF68
:1002F00050EA010208BF704711F0004302D54042A6
:1003000061EB41015FEA010C02BF84460146002017
:1003100043F0B64308BFA3F18053A3F50003BCFA32
:100320008CF2083AA3EBC25310DB01FA02FC6344DF
:1003300000FA02FCC2F12002BCF1004F20FA02F2E6
:1003400043EB020008BF20F00100704702F12002D9
:1003500001FA02FCC2F1200250EA4C0021FA02F23A
:1003600043EB020008BF20EADC7070474FF0FF0C3F
:100370001CEAD0521EBF1CEAD15392EA0C0F93EA3A
:100380000C0F6FD01A4480EA010C400218BF5FEADC
:1003900041211ED04FF0006343EA501043EA51114F
:1003A000A0FB01310CF00040B1F5000F3EBF490049
:1003B00041EAD3715B0040EA010062F17F02FD2A4D
:1003C0001DD8B3F1004F40EBC25008BF20F0010030
:1003D000704790F0000F0CF0004C08BF49024CEA47
:1003E000502040EA51207F3AC2BFD2F1FF0340EAD9
:1003F000C250704740F400004FF00003013A5DDC4A
:1004000012F1190FDCBF00F000407047C2F100028A
:10041000410021FA02F1C2F1200200FA02FC5FEA77
:10042000310040F1000053EA4C0308BF20EADC70C1
:10043000704792F0000F00F0004C02BF400010F433
:10044000000F013AF9D040EA0C0093F0000F01F0E0
:10045000004C02BF490011F4000F013BF9D041EA02
:100460000C018FE70CEAD15392EA0C0F18BF93EA04
:100470000C0F0AD030F0004C18BF31F0004CD8D12E
:1004800080EA010000F00040704790F0000F17BFB5
:1004900090F0004F084691F0000F91F0004F14D0FB
:1004A00092EA0C0F01D142020FD193EA0C0F03D153
:1004B0004B0218BF084608D180EA010000F0004056
:1004C00040F0FE4040F40000704740F0FE4040F431
:1004D000400070474FF0FF0C1CEAD0521EBF1CEAD0
:1004E000D15392EA0C0F93EA0C0F69D0A2EB0302EE
:1004F00080EA010C49024FEA402037D04FF0805388
:1005000043EA111143EA10130CF000408B4238BF4C
:100510005B0042F17D024FF4000C8B4224BF5B1A5A
:1005200040EA0C00B3EB510F24BFA3EB510340EAA8
:100530005C00B3EB910F24BFA3EB910340EA9C0056
:10054000B3EBD10F24BFA3EBD10340EADC001B01C6
:1005500018BF5FEA1C1CE0D1FD2A3FF650AF8B426A
:1005600040EBC25008BF20F0010070470CF0004C77
:100570004CEA50207F32C2BFD2F1FF0340EAC250A2
:10058000704740F400004FF00003013A37E792F063
:10059000000F00F0004C02BF400010F4000F013AC1
:1005A000F9D040EA0C0093F0000F01F0004C02BFBC
:1005B000490011F4000F013BF9D041EA0C0195E725
:1005C0000CEAD15392EA0C0F08D142027FF47DAFBE
:1005D00093EA0C0F7FF470AF084676E793EA0C0FAE
:1005E00004D14B023FF44CAF08466EE730F0004CAC
:1005F00018BF31F0004CCAD130F000427FF45CAF3C
:1006000031F000437FF43CAF5FE700BF4FF0FF3CA9
:1006100006E000BF4FF0010C02E000BF4FF0010CFC
:100620004DF804CD4FEA40024FEA41037FEA226CC5
:1006300018BF7FEA236C11D001B052EA530C18BFE7
:1006400090EA010F58BFB2EB030088BFC81738BF4C
:100650006FEAE17018BF40F0010070477FEA226C3A
:1006600002D15FEA402C05D17FEA236CE4D15FEA36
:10067000412CE1D05DF8040B704700BF844608466A
:100680006146FFE70FB5FFF7C9FF002848BF10F12B
:10069000000F0FBD4DF808EDFFF7F4FF0CBF012070
:1006A00000205DF808FB00BF4DF808EDFFF7EAFFFA
:1006B00034BF012000205DF808FB00BF4DF808EDB5
:1006C000FFF7E0FF94BF012000205DF808FB00BFAA
:1006D0004DF808EDFFF7D2FF94BF012000205DF830
:1006E00008FB00BF4DF808EDFFF7C8FF34BF01203D
:1006F00000205DF808FB00BF4FEA40024FEA4103CB
:100700007FEA226C02D15FEA402C08D17FEA236C99
:1007100002D15FEA412C02D14FF0000070474FF048
:100720000100704742000ED2B2F1FE4F0BD34FF0E2
:100730009E03B3EB126209D44FEA002343F0004357
:1007400023FA02F070474FF00000704712F1610F7A
:1007500001D1420202D14FF0FF3070474FF000004C
:10076000704700BF80B582B000AF042247494848B7
:1007700001F09EFF474B00225A70464B002283F83F
:100780003D20444B002283F87920424B002283F81D
:10079000B5200023FB7120E0FA793E4913461B0186
:1007A0009B1A9B000B4428333B4A1A60FA7939495B
:1007B00013461B019B1A9B000B442433374A1A60D3
:1007C000FA79344913461B019B1A9B000B443833BA
:1007D00000221A60FB790133FB71FB79032BDBD913
:1007E0002F4B00229A702E4B002283F822202C4B94
:1007F000002283F842202A4B002283F86220284BF3
:1008000000225A70264B002283F82120244B00221C
:1008100083F84120224B002283F861200023BB7122
:100820002CE0BB791E4A5B011344183300221A6086
:10083000BB791B4A5B011344143300221A60BB7955
:10084000174A5B0113440C3300221A60BB79144A27
:100850005B011344033300221A70BB79104A5B0119
:100860001344043300221A70BB790D4A5B01134410
:10087000083332221A80BB790133BB71BB79032B59
:10088000CFD9002318460837BD4680BD1C02002082
:10089000B8050020AC00002000202E450000E642F4
:1008A0009C01002080B582B000AF00F0E7FA00F0B4
:1008B000ABFB0023FB714AE0FA79624913461B0146
:1008C0009B1A9B000B4401331B78002B3CD0FA7918
:1008D0005C4913461B019B1A9B000B442C331B786D
:1008E000022B06D1584B02221A70584B02221A7062
:1008F00030E0FA79534913461B019B1A9B000B44C5
:100900002C331B78012B0AD1504B1B78022B06D0BD
:100910004D4B01221A704D4B01221A7014E0FA79E6
:10092000484913461B019B1A9B000B442C331B7830
:10093000042B09D1454B1B78012B05D8424B0422CF
:100940001A70424B04221A70FB790133FB71FB7958
:10095000032BB1D90023BB713EE0BB793C4A5B015C
:10096000134401331B78002B33D0BB79384A5B0129
:10097000134410331B78022B06D1334B02221A701A
:10098000324B02221A702AE0BB79314A5B011344D0
:1009900010331B78012B0AD12C4B1B78022B06D06D
:1009A000294B01221A70294B01221A7011E0BB79E0
:1009B000274A5B01134410331B78042B09D1234BC6
:1009C0001B78012B05D8204B04221A701F4B0422E0
:1009D0001A70BB790133BB71BB79032BBDD91A4B9C
:1009E0001B78012B05D1194BDB680133174AD36003
:1009F00012E0154B1B78022B05D1144B1B690133F8
:100A0000124A136108E0104B1B78032B04D10F4BE3
:100A10005B6901330D4A53610B4B1B78022B03D1E9
:100A20000C4B01221A8102E0074B1B78002B064B6E
:100A30001A78064B1A70044B1B7818460837BD46C7
:100A400080BD00BFAC0000202402002080000020F8
:100A50009C0100203803002090B583B000AF002334
:100A6000FB7130E0FB791A33304A32F81330FA79EF
:100A7000D8B22F4913461B019B1A9B000B4401332C
:100A800002461A70294B1B8DFC791846FFF716FC9D
:100A90000246274923461B011B1B9B000B4428339E
:100AA0001A60224B5B8DFC791846FFF707FC024663
:100AB0001F4923461B011B1B9B000B4424331A6058
:100AC000FB790133FB71FB79032BCBD90023BB717D
:100AD00023E0BB792633154A32F81320BB79D1B213
:100AE000144A5B01134401330A461A70BB792A3356
:100AF0000E4A32F81320BB79D1B20E4A5B0113447F
:100B000005330A461A70BB790A4A5B01134408335D
:100B100032221A80BB790133BB71BB79032BD8D940
:100B2000002318460C37BD4690BD00BF3803002097
:100B3000AC0000209C01002080B483B000AF78603E
:100B40000B467B807B881A4A32F813207B681A8018
:100B50007B880133164A32F813207B685A807B88E1
:100B60000233134A32F813207B689A807B88033360
:100B70000F4A32F813207B68DA807B8804330C4AF2
:100B800032F813207B681A817B880533084A32F8D3
:100B900013207B685A817B880633054A32F813207C
:100BA0007B689A8100BF0C37BD4680BC704700BF90
:100BB0003803002090B583B000AF0023FB7125E01F
:100BC000FA792C4913461B019B1A9B000B440833EE
:100BD0001A68FB7903F110041046FFF7A3FD0346E2
:100BE0009AB2254B23F81420FA79224913461B01A7
:100BF0009B1A9B000B4401331A78FB791A33114678
:100C00001D4A22F81310FB790133FB71FB79032B8A
:100C1000D6D90023BB711AE0BB79184A5B01134493
:100C200006331A78BB7922331146134A22F813107F
:100C3000BB79124A5B01134401331A78BB7926331E
:100C400011460D4A22F81310BB790133BB71BB79F1
:100C5000032BE1D90A4B1B781A46074B1A80094B24
:100C60001B781A46044BA3F80222002318460C37BF
:100C7000BD4690BDAC000020380300209C01002040
:100C8000800000200000002080B483B000AF7860B6
:100C90000B467B807B887A681188194A22F81310EA
:100CA0007B8801337A685188154A22F813107B88B3
:100CB00002337A689188124A22F813107B88033332
:100CC0007A68D1880E4A22F813107B8804337A6838
:100CD00011890B4A22F813107B8805337A685189F1
:100CE000074A22F813107B8806337A689189044AF0
:100CF00022F8131000BF0C37BD4680BC704700BF00
:100D00003803002080B582B000AF0346FB71FB7949
:100D1000032B41D801A252F823F000BF2D0D00088B
:100D2000450D0008610D00087D0D00084FF480514D
:100D30001C4802F0DDFD03461A461B4B9A701A4B05
:100D40009B782AE04FF40051164802F0D1FD03468B
:100D50001A46154B83F82220134B93F822301CE0DF
:100D60004FF480410F4802F0C3FD03461A460E4B74
:100D700083F842200C4B93F842300EE04FF40041D0
:100D8000084802F0B5FD03461A46074B83F8622077
:100D9000054B93F8623000E0002318460837BD4643
:100DA00080BD00BF000C01409C01002090B585B0C3
:100DB00000AF0346FB71FB79294A32F8133018461D
:100DC000FFF780FA034627491846FFF7CFFA034694
:100DD00025491846FFF77EFB0346FB602349F86868
:100DE000FFF762FC0346002B02D04FF0000332E015
:100DF000FA791F4913461B019B1A9B000B442833A9
:100E00001B681C491846FFF765FB03461C46FA7928
:100E1000174913461B019B1A9B000B4424331B6884
:100E200015491846FFF756FB03461946F86807F0C0
:100E3000D3FF034619462046FFF798FA0346BB60E6
:100E4000FA790B4913461B019B1A9B000B4408338C
:100E5000BA681A60BB6818461437BD4690BD00BF1B
:100E60001C0200203333534000F07F45CDCCCC3DF5
:100E7000AC0000200000C8420000C8C280B582B0AB
:100E800000AF0023BB710023FB71B0E0FA795C492D
:100E900013461B019B1A9B000B4401331B78002B4C
:100EA00000F0A280FB791846FFF780FF0346184642
:100EB000FFF738FC0346BB80BB88002B14D1FA79BE
:100EC0004F4913461B019B1A9B000B442C330422F1
:100ED0001A70FA794A4913461B019B1A9B000B446E
:100EE0002D3301221A707FE0464BB3F88830BA8860
:100EF0009A4214D8FA79424913461B019B1A9B0067
:100F00000B442C3302221A70FA793D4913461B0117
:100F10009B1A9B000B442D3308221A7064E0394B56
:100F2000B3F88A30BA889A4214D8FA793449134609
:100F30001B019B1A9B000B442C3301221A70FA7977
:100F40002F4913461B019B1A9B000B442D3304228F
:100F50001A7049E02B4BB3F88C30BA889A4214D8F7
:100F6000FA79274913461B019B1A9B000B442C332B
:100F700001221A70FA79224913461B019B1A9B0021
:100F80000B442D3302221A702EE01E4BB3F88E3024
:100F9000BA889A4214D8FA79194913461B019B1A48
:100FA0009B000B442C3300221A70FA791449134623
:100FB0001B019B1A9B000B442D3301221A7013E076
:100FC000FA790F4913461B019B1A9B000B442C33E3
:100FD00000221A70FA790A4913461B019B1A9B00DA
:100FE0000B442D3300221A70FB790133FB71FB791E
:100FF000032B7FF64BAFBB7918460837BD4680BD43
:10100000AC0000203803002090B583B000AF00236F
:10101000BB710023FB7150E0FB792C4A5B01134448
:1010200001331B78002B45D0FC79FB791846FFF77C
:1010300069FE03461946254A6301134402330A46F2
:101040001A70FB79214A5B01134402331A78FB7949
:101050001E495B010B4405331B789A4215D1FB797D
:101060001A4A5B011344103302221A70FB79174AA3
:101070005B011344063301221A70FB79134A5B01AA
:1010800013441C3308221A7014E0FB790F4A5B01E9
:101090001344103300221A70FB790C4A5B0113448D
:1010A000063300221A70FB79084A5B0113441C3393
:1010B00000221A70FB790133FB71FB79032BABD94A
:1010C000BB7918460C37BD4690BD00BF9C0100207F
:1010D00080B584B000AF002004F090FD03465A4A6A
:1010E00013605A4B0622A3F80022584B0522A3F89E
:1010F0000222564B0022A3F80422544B0122A3F8EB
:101100000622524B0622A3F80822504B0122A3F8D4
:101110000A224E4B0122A3F80C224C4B0022A3F8CA
:101120000E224A4B0022A3F81022484B0022A3F8BB
:101130001222464B00229A86444B0022DA86434B09
:1011400000221A87414B00225A87404B40F6E22288
:101150001A853E4B73225A853C4B0022A3F84C2043
:101160003A4B0022A3F84E20384B0022A3F850201F
:10117000364B0022A3F85220344B0022A3F88020E3
:10118000324B0022A3F88220304B0022A3F88420A7
:101190002E4B0022A3F886202C4B4FF4FA72A3F8B2
:1011A00088202A4B4FF47A72A3F88A20274B40F20A
:1011B000DC52A3F88C20254B4FF4FA62A3F88E2062
:1011C000224B6422A3F89020204B3222A3F89220D5
:1011D0001E4B0022A3F894201C4B0122A3F896205A
:1011E0000023FB6007E01A4AFB68002122F8131075
:1011F000FB680133FB60FB68042BF4DD0023BB605C
:1012000007E0144ABB68134400221A70BB6801331C
:10121000BB60BB68072BF4DD00237B6007E00E4A50
:101220007B68134400221A707B6801337B607B6803
:10123000032BF4DD01220949094803F01CFD00BF1E
:101240001037BD4680BD00BF2802002038030020B3
:10125000900500209C050020A405002034030020F8
:101260007406002080B487B000AF786039604FF614
:10127000FF73FB8200233B6126E03B697A681344DD
:101280001B781A46FB8A5340FB820823FB6015E05B
:10129000FB8A03F00103002B0AD0FB8A5B08FB8268
:1012A000FB8A83F4BF4383F07E03DB43FB8202E0CF
:1012B000FB8A5B08FB82FB68013BFB60FB68002B41
:1012C000E6D13B6901333B613A693B689A42D4DB22
:1012D000FB8A18461C37BD4680BC704780B584B079
:1012E00000AF78607B681B682E4A934256D101F0AC
:1012F000FDF803462C4A13602C4B1B78FF2B42D081
:101300002A4B1B785A1CD1B2284A11701A46284B16
:101310001978284B9954254B1B78022B39D9254B2A
:101320005B78BB730023FB73BB7B102B0BD0102BA4
:1013300012DC042B02DC032B02DA0DE0062B0BD1AE
:101340000823FB7310E0194B1B78062B0BD9194BA4
:101350009B790933FB7306E0144B00221A70164B7D
:1013600000221A7000E000BFFB7B002B11D00F4B56
:101370001B78FA7B9A420CD80F4B01221A700F4B44
:1013800001221A7005E0094B00221A700A4B002254
:101390001A70012206490A4803F06DFC00BF10379D
:1013A000BD4680BD00440040300300202C030020D7
:1013B000340300202C0200202D030020AC05002067
:1013C0007406002080B582B000AF78607B681B682F
:1013D0000A4A93420DD10A4B00221A70094B00228F
:1013E0001A70094803F06CFC01220849064803F012
:1013F00042FC00BF0837BD4680BD00BF004400402E
:101400002C0300202D03002074060020340300204C
:1014100080B500AF074803F053FC074B00221A7059
:10142000064B00221A7001220549024803F023FCF2
:1014300000BF80BD740600202C0300202D03002077
:101440003403002080B5CAB000AFAE4B1B78052B2B
:1014500040F2C382AC4B1B781A46AC4BB3F8003257
:101460009A4206D0A74B00221A70A94B00221A708C
:10147000B4E2A44B1B78023B1946A348FFF7F2FEE7
:101480000346A7F816319F4B1B78023B9E4AD35C5C
:101490001A46B7F81631DBB29A420BD1994B1B783A
:1014A000013B994AD35C1A46B7F816311B0A9BB226
:1014B0009A420BD0934B00221A70954B00221A705F
:1014C000944B1B680133934A136087E28E4B5B7821
:1014D00087F81531002387F827318C4BB3F8003299
:1014E000DAB207F59473A3F594731A7007F5947341
:1014F000A3F5947397F815215A7097F81531032BBB
:101500007DD1814B9B781BB21B021AB27E4BDB78DC
:101510001BB213431BB2A7F804317B4B1B791BB2E0
:101520001B021AB2784B5B791BB213431BB2A7F8AC
:101530000231B7F80421B7F802311344B3F5967FAE
:1015400046DCB7F80231DBB25B00DAB207F5947320
:10155000A3F594739A70032387F827310023C7F803
:1015600020312EE0B7F80421D7F820311344674A20
:1015700032F813301B0A99B297F827315A1C87F8B2
:1015800027211A46C9B207F59473A3F594739954A9
:10159000B7F80421D7F8203113445C4A32F813100D
:1015A00097F827315A1C87F827211A46C9B207F540
:1015B0009473A3F594739954D7F820310133C7F885
:1015C0002031B7F80231D7F820219A42CADBB9E1BD
:1015D00007F59473A3F594735B7863F07F03DAB235
:1015E00007F59473A3F594735A7007F59473A3F5F4
:1015F000947302229A70032387F82731A2E197F8A7
:101600001531042B40F08A803F4B9B781BB21B02A4
:101610001AB23D4BDB781BB213431BB2A7F808315B
:10162000394B1B791BB21B021AB2374B5B791BB2C9
:1016300013431BB2A7F80631B7F80821B7F80631F3
:101640001344052B46DCB7F80631DBB25B00DAB297
:1016500007F59473A3F594739A70032387F82731E1
:101660000023C7F81C312EE0B7F80821D7F81C3149
:101670001344294A32F813301B0A99B297F82731DC
:101680005A1C87F827211A46C9B207F59473A3F5A7
:1016900094739954B7F80821D7F81C3113441E4AA3
:1016A00032F8131097F827315A1C87F827211A4669
:1016B000C9B207F59473A3F594739954D7F81C3104
:1016C0000133C7F81C31B7F80631D7F81C219A420C
:1016D000CADB37E107F59473A3F594735B7863F085
:1016E0007F03DAB207F59473A3F594735A7007F584
:1016F0009473A3F5947302229A70032387F8273119
:1017000020E100BF2C0300202C0200203803002021
:101710002D030020B00500209005002097F815311A
:10172000062B68D1AF4B9B781BB21B021AB2AD4B94
:10173000DB781BB213431BB2A7F80C31A94B1B7902
:101740001BB21B021AB2A74B5B791BB213431BB22D
:10175000A7F80A31B7F80C31B3F5967F34D2B7F851
:101760000C31A149B7F80A2121F81320B7F80C3140
:1017700040F20912934207D1B7F80A31012B03D185
:10178000994B0022A3F81022964B9A7807F5947390
:10179000A3F594739A70934BDA7807F59473A3F5D5
:1017A0009473DA708F4B1A7907F59473A3F59473D9
:1017B0001A718C4B5A7907F59473A3F594735A7187
:1017C000062387F82731BDE007F59473A3F59473DA
:1017D0005B7863F07F03DAB207F59473A3F5947333
:1017E0005A7007F59473A3F5947302229A70032339
:1017F00087F82731A6E097F81531102B40F08C8040
:10180000784B9B781BB21B021AB2764BDB781BB26B
:1018100013431BB2A7F81231724B1B791BB21B0288
:101820001AB2704B5B791BB213431BB2A7F810318D
:101830006C4B9B7987F80F31B7F81221B7F810314C
:101840001344B3F5967F50DC97F80F21B7F81031A9
:101850005B009A4249D10023C7F818311FE0D7F83E
:1018600018315B0007335F4AD35C1BB21B021AB20C
:10187000D7F8183104335B005A49CB5C1BB21343D1
:1018800019B2B7F81221D7F81831134489B2564A61
:1018900022F81310D7F818310133C7F81831B7F808
:1018A0001031D7F818219A42D9DB4E4B9A7807F5B8
:1018B0009473A3F594739A704A4BDA7807F594738E
:1018C000A3F59473DA70474B1A7907F59473A3F56F
:1018D00094731A71434B5A7907F59473A3F5947373
:1018E0005A71062387F827312CE007F59473A3F586
:1018F00094735B7863F07F03DAB207F59473A3F512
:1019000094735A7007F59473A3F5947302229A7036
:10191000032387F8273115E007F59473A3F5947333
:101920005B7863F07F03DAB207F59473A3F59473E1
:101930005A7007F59473A3F5947301229A700323E8
:1019400087F8273197F827213B4611461846FFF7BD
:1019500089FC0346A7F8163197F827315A1C87F8F7
:1019600027211A46B7F81631D9B207F59473A3F5B3
:1019700094739954B7F816311B0A99B297F8273126
:101980005A1C87F827211A46C9B207F59473A3F5A4
:1019900094739954154B1B68002B06D0134B1B688E
:1019A0004FF0FF31184604F0AFF997F827319AB29B
:1019B000394664230E4803F0D3F80C4B1B68002B08
:1019C00004D00A4B1B68184604F0E9F9094B0022C1
:1019D0001A70094B00221A7000E000BF07F59477D7
:1019E000BD4680BD2C0200203803002028020020C4
:1019F000740600202C0300202D03002080B500AFCA
:101A0000364B1B781A46364BB3F802329A4262D0F4
:101A1000344B1B68002B06D0324B1B684FF0FF3154
:101A2000184604F071F92E4BB3F80232013B042B37
:101A300034D801A252F823F04D1A00085D1A0008AC
:101A40006D1A00087D1A00088D1A0008234B012228
:101A50001A70254B4FF416525A6027E01F4B022292
:101A60001A70214B4FF496425A601FE01B4B032221
:101A70001A701D4B4FF416425A6017E0174B0422A0
:101A80001A70194B4FF461425A600FE0134B052254
:101A90001A70154B4FF4E1325A6007E00F4B0522E4
:101AA0001A70114B4FF4E1325A6000BF0E4803F038
:101AB00025F80D4802F0D2FF01220C490A4803F034
:101AC000DAF8084B1B68002B06D0064B1B6818463B
:101AD00004F065F900E000BF80BD00BF00000020F9
:101AE0003803002028020020740600203403002060
:101AF00080B582B000AF00F0F9FC78600D4B1B6838
:101B00007A68D31AB3F57A7F0FD30A4A7B681360D9
:101B1000094B1B687A68D31A47F23052934204D9B2
:101B2000FFF776FC044A7B68136000BF0837BD46A8
:101B300080BD00BFB40500203003002080B500AF99
:101B400000F07CFC00F03EF800F07EF900F05EF959
:101B500000F0E6F800F030F900F08EF8FFF7B8FA80
:101B6000FEF700FE03F02EFF0D4A00210D4803F0A2
:101B700086FF03460C4A13600C4A00210C4803F010
:101B80007EFF03460B4A13600B4A00210B4803F00B
:101B900076FF03460A4A136003F036FF00BFFDE7F5
:101BA00050970008F91E0008BC0600207497000832
:101BB000451F0008C0060020989700080120000873
:101BC000C406002080B594B000AF07F12803282296
:101BD0000021184607F0C0F807F1140300221A602C
:101BE0005A609A60DA601A613B1D00221A605A60DE
:101BF0009A60DA600123BB624FF48033FB620023FA
:101C00003B630123BB6302237B644FF48033BB64DB
:101C10000023FB6407F12803184601F0B1FE0346D8
:101C2000002B01D000F034FA0F237B610223BB614B
:101C30000023FB614FF480633B6200237B6207F16A
:101C400014030021184602F01DF90346002B01D0B1
:101C500000F01EFA02237B600023FB603B1D184648
:101C600002F09EFA0346002B01D000F011FA00BFEB
:101C70005037BD4680BD000080B584B000AF3B1D2D
:101C800000221A605A609A60234B244A1A60224B41
:101C900000229A60204B01221A731F4B00221A75F2
:101CA0001D4B4FF46022DA611B4B00225A601A4B25
:101CB00001221A61184800F023FC0346002B01D0D2
:101CC00000F0E6F90523FB6000237B600123BB6085
:101CD0003B1D1946104800F0E5FD01237B600223FF
:101CE000BB603B1D19460C4800F0DCFD04237B6003
:101CF0000323BB603B1D1946074800F0D3FD0823B2
:101D00007B600423BB603B1D1946034800F0CAFDFD
:101D100000BF1037BD4680BDB8050020002401403B
:101D200080B586B000AF07F1080300221A605A6040
:101D30009A60DA603B4600221A605A601D4B4FF0F1
:101D400080421A601B4B00225A601A4B00229A6094
:101D5000184B4FF6FF72DA60164B00221A61154BD2
:101D600000229A61134802F0D1FA0346002B01D0F9
:101D700000F08EF94FF48053BB6007F10803194659
:101D80000C4802F002FC0346002B01D000F080F961
:101D900000233B6000237B603B461946054802F068
:101DA000EDFD0346002B01D000F072F900BF18379B
:101DB000BD4680BD2C06002080B500AF114B124AF5
:101DC0001A60104B4FF4E1325A600E4B00229A60B9
:101DD0000C4B0022DA600B4B00221A61094B0C22DB
:101DE0005A61084B00229A61064B0022DA610548CD
:101DF00002F034FE0346002B01D000F049F900BF89
:101E000080BD00BF740600200044004080B582B051
:101E100000AF0C4B5B690B4A43F001035361094B64
:101E20005B6903F001037B607B68002205210B20C6
:101E300001F02DF80B2001F046F800BF0837BD4631
:101E400080BD00BF0010024080B588B000AF07F130
:101E5000100300221A605A609A60DA60244B9B6972
:101E6000234A43F020039361214B9B6903F0200335
:101E7000FB60FB681E4B9B691D4A43F004039361A2
:101E80001B4B9B6903F00403BB60BB68184B9B6949
:101E9000174A43F008039361154B9B6903F008034D
:101EA0007B607B68002240F63241124801F037FD2A
:101EB00040F632433B6101237B610023BB61022377
:101EC000FB6107F1100319460A4801F0D1FA4FF4FB
:101ED00070433B6100237B610023BB6107F110036A
:101EE0001946044801F0C4FA00BF2037BD4680BD42
:101EF00000100240000C014080B584B000AF786053
:101F000003F0A8FDF8604FF480737B817B8919464C
:101F10000B48FEF711FEFEF79FFDFFF76FFDFEF782
:101F2000C1FC7B8919460648FEF7AEFEFEF742FE6D
:101F3000FB681433FB60F86803F033FE00BFE5E78D
:101F40009C00002080B586B000AF7860254B5B68B0
:101F500042F6F822B2FBF3F3FB60FB689B007B6167
:101F600003F078FD38617B69042B01D805237B6180
:101F700000F0BCFA03461C4A13601B4B1B681B4A4B
:101F800013601B4B1B680133194A1360194B1B78F4
:101F9000002B01D0FFF756FA164B1B78002B17D1F8
:101FA000154B1B78002B13D000F0A0FA02460E4B05
:101FB0001B68D31A7A699A420AD20F4B00221A7010
:101FC0000C4B00221A700D4B1B6801330B4A136037
:101FD000FFF78EFD3B6914333B61386903F0E1FD87
:101FE000CFE700BF7406002030030020B4050020B6
:101FF000A80500202D0300202C030020B0050020A0
:1020000080B584B000AF786003F024FDF8604FF431
:1020100000611B4801F09BFC1A4B1B78012B07D178
:102020004FF48061164801F092FC164B00221A70A2
:10203000154B1B78022B0AD101222021104801F0F8
:102040006EFC012202210E4801F069FC11E00E4BEA
:102050001B78002B0DD10D4B1B89002B09D10022C1
:102060002021074801F05BFC00220221044801F016
:1020700056FCFB68FA33FB60F86803F092FDC6E794
:10208000000C0140AC050020240200203803002091
:1020900080B400AF72B600BF00BFFDE780B584B06A
:1020A00000AF1C4B9B691B4A43F001039361194B22
:1020B0009B6903F00103BB60BB68164BDB69154AE3
:1020C00043F08053D361134BDB6903F080537B6093
:1020D0007B6800220F216FF0010000F0D8FE002283
:1020E0000521052000F0D3FE052000F0ECFE0A4B90
:1020F0005B68FB60FB6823F0E063FB60FB6843F018
:102100000073FB60044AFB68536000BF1037BD4694
:1021100080BD00BF001002400000014080B58AB0C1
:1021200000AF786007F1180300221A605A609A60C5
:10213000DA607B681B68344A934260D1334B9B69F9
:10214000324A43F400739361304B9B6903F400738C
:102150007B617B692D4B9B692C4A43F0040393619F
:102160002A4B9B6903F004033B613B69274B9B6946
:10217000264A43F008039361244B9B6903F008034C
:10218000FB60FB681323BB610323FB6107F11803AA
:1021900019461F4801F06CF90123BB610323FB6161
:1021A00007F1180319461B4801F062F91A4B1B4A44
:1021B0001A60194B00225A60174B00229A60164B86
:1021C0008022DA60144B4FF480721A61124B4FF484
:1021D00080625A61104B20229A610F4B4FF40052DB
:1021E000DA610D4800F098FE0346002B01D0FFF79E
:1021F0004FFF7B68084A1A62074A7B68536200BF38
:102200002837BD4680BD00BF0024014000100240B9
:1022100000080140000C0140E805002008000240D1
:1022200080B584B000AF78607B681B68B3F1804FE5
:1022300013D10C4BDB690B4A43F00103D361094B0B
:10224000DB6903F00103FB60FB68002205211C2011
:1022500000F01DFE1C2000F036FE00BF1037BD460A
:1022600080BD00BF0010024080B588B000AF78602C
:1022700007F1100300221A605A609A60DA607B68E6
:102280001B681F4A934237D11E4BDB691D4A43F43A
:102290000033D3611B4BDB6903F40033FB60FB6845
:1022A000184B9B69174A43F004039361154B9B69D4
:1022B00003F00403BB60BB6804233B6102237B6122
:1022C0000323FB6107F1100319460F4801F0D0F812
:1022D00008233B6100237B610023BB6107F11003EE
:1022E0001946094801F0C4F800220521262000F013
:1022F000CEFD262000F0E7FD00BF2037BD4680BDA3
:1023000000440040001002400008014080B582B047
:1023100000AF78607B681B68094A93420CD1094B77
:10232000DB69084A23F40033D3610C21064801F02D
:1023300023FA262000F0D5FD00BF0837BD4680BD3A
:1023400000440040001002400008014080B400AF8B
:1023500000BFFDE780B400AF00BFFDE780B400AF71
:1023600000BFFDE780B400AF00BFFDE780B400AF61
:1023700000BFFDE780B400AF00BFBD4680BC704722
:1023800080B500AF00F0A0F805F0CEFB0346012BAE
:1023900001D006F071FA00BF80BD80B400AF00BF6D
:1023A000BD4680BC7047000080B500AF024800F019
:1023B00021FF00BF80BD00BFE805002080B500AF51
:1023C000024801F0F2FF00BF80BD00BF2C060020D4
:1023D00080B500AF024802F05FFD00BF80BD00BFC6
:1023E0007406002080B400AF00BFBD4680BC7047BB
:1023F000FFF7F8FF0B480C490C4A002302E0D458C1
:10240000C4500433C4188C42F9D3094A094C002340
:1024100001E013600432A242FBD306F0ABFCFFF7ED
:102420008DFB704700000020640000201098000819
:102430006400002054210020FEE7000080B500AFBA
:10244000084B1B68074A43F010031360032000F099
:1024500013FD0F2000F008F8FFF720FE00231846B8
:1024600080BD00BF0020024080B582B000AF786020
:10247000124B1A68124B1B7819464FF47A73B3FB50
:10248000F1F3B2FBF3F3184600F039FD0346002BDD
:1024900001D001230EE07B680F2B0AD80022796857
:1024A0004FF0FF3000F0F3FC064A7B681360002316
:1024B00000E0012318460837BD4680BD0400002017
:1024C0000C0000200800002080B400AF054B1B78F2
:1024D0001A46054B1B681344034A136000BFBD46F0
:1024E00080BC70470C000020C806002080B400AFFC
:1024F000024B1B681846BD4680BC7047C8060020CA
:1025000080B586B000AF78600023FB7500233B6187
:102510000023BB600023FB607B68002B01D10123FB
:10252000BEE07B689B68002B7B689B6A002B09D10F
:102530007B680022DA627B68002283F824207868B6
:10254000FFF7ECFD786800F0FFFA0346FB757B6847
:102550009B6A03F01003002B40F09980FB7D002B59
:1025600040F095807B689B6A23F4885323F0020334
:1025700043F002027B689A627B685A687B68DB6979
:102580001A437B681B7B5B001343BA681343BB6031
:102590007B689B68B3F5807F03D07B689B68012BC9
:1025A00002D14FF4807300E000233A6913433B618A
:1025B0007B681B7D012B19D17B681B7B002B09D10C
:1025C0007B689B69013B5A033B69134343F40063F7
:1025D0003B610BE07B689B6A43F020027B689A6258
:1025E0007B68DB6A43F001027B68DA627B681B6808
:1025F0005B6823F469417B681B683A690A435A6047
:102600007B681B689A68284B13407A681268B9681F
:102610000B4393607B689B68B3F5807F03D07B6836
:102620009B68012B04D17B681B69013B1B05FB6088
:102630007B681B68DB6A23F470017B681B68FA689F
:102640000A43DA627B681B689A68184B1340BA68C1
:102650009A420BD17B680022DA627B689B6A23F086
:10266000030343F001027B689A6218E07B689B6A6F
:1026700023F0120343F010027B689A627B68DB6AE6
:1026800043F001027B68DA620123FB7507E07B6897
:102690009B6A43F010027B689A620123FB75FB7D05
:1026A00018461837BD4680BDFDF7E1FFFE0E1FFF3F
:1026B00080B586B000AFF860B9607A600023FB7522
:1026C000FB681B68644A934204D0FB681B68634A3A
:1026D000934206D1604B5B6803F47023002B40F0FB
:1026E000B380FB6893F82430012B01D10223AEE0C4
:1026F000FB68012283F82420F86800F0CBF9034638
:10270000FB75FB7D002B40F09A80FB689B6A23F4ED
:10271000706323F0010343F48072FB689A62FB68E4
:102720001B684E4A934205D14B4B5B6803F4702300
:10273000002B15D1FB689B6A23F48012FB689A6218
:10274000FB681B685B6803F48063002B26D0FB6882
:102750009B6A23F4405343F48052FB689A621DE065
:10276000FB689B6A43F48012FB689A62FB681B68F3
:10277000394A934204D0FB681B68384A93420DD112
:10278000354B5B6803F48063002B07D0FB689B6AC2
:1027900023F4405343F48052FB689A62FB689B6ABF
:1027A00003F48053002B06D0FB68DB6A23F006029B
:1027B000FB68DA6202E0FB680022DA62FB68002252
:1027C00083F82420FB681B6A254A9A62FB681B6A0F
:1027D000244ADA62FB681B6A234A1A63FB681B6897
:1027E0006FF002021A60FB681B689A68FB681B683E
:1027F00042F480729A60FB68186AFB681B684C336D
:102800001946BA687B6800F0E1FBFB681B689B68AF
:1028100003F46023B3F5602F08D1FB681B689A6846
:10282000FB681B6842F4A0029A600FE0FB681B681B
:102830009A68FB681B6842F480129A6006E0FB68A5
:10284000002283F8242001E00123FB75FB7D18465C
:102850001837BD4680BD00BF00240140002801405C
:10286000CB2B0008472C0008632C000880B483B0F1
:1028700000AF786000BF0C37BD4680BC704780B4A5
:1028800083B000AF786000BF0C37BD4680BC704796
:1028900080B483B000AF786000BF0C37BD4680BC09
:1028A0007047000080B485B000AF786039600023C5
:1028B000FB730023BB607B6893F82430012B01D1AC
:1028C0000223DCE07B68012283F824203B685B68FC
:1028D000062B1CD87B681B68596B3B685A681346EB
:1028E0009B001344053B1F2202FA03F3DB4319400C
:1028F0003B6818683B685A6813469B001344053BC5
:1029000000FA03F27B681B680A435A633CE03B68A9
:102910005B680C2B1CD87B681B68196B3B685A687A
:1029200013469B001344233B1F2202FA03F3DB43AD
:1029300019403B6818683B685A6813469B0013446B
:10294000233B00FA03F27B681B680A431A631BE00F
:102950007B681B68D96A3B685A6813469B0013441E
:10296000413B1F2202FA03F3DB4319403B6818681E
:102970003B685A6813469B001344413B00FA03F23C
:102980007B681B680A43DA623B681B68092B1CD909
:102990007B681B68D9683B681A6813465B00134460
:1029A0001E3B072202FA03F3DB4319403B68986899
:1029B0003B681A6813465B0013441E3B00FA03F29F
:1029C0007B681B680A43DA6019E07B681B68196939
:1029D0003B681A6813465B001344072202FA03F3AC
:1029E000DB4319403B6898683B681A6813465B00F4
:1029F000134400FA03F27B681B680A431A613B68C0
:102A00001B68102B03D03B681B68112B32D17B68ED
:102A10001B681D4A934225D17B681B689B6803F4A1
:102A20000003002B26D17B681B689A687B681B68B3
:102A300042F400029A603B681B68102B1AD1134BBA
:102A40001B68134AA2FB03239A0C13469B001344F2
:102A50005B00BB6002E0BB68013BBB60BB68002B56
:102A6000F9D107E07B689B6A43F020027B689A6299
:102A70000123FB737B68002283F82420FB7B18462C
:102A80001437BD4680BC704700240140040000207C
:102A900083DE1B4380B584B000AF78600023FB6009
:102AA0000023BB607B681B689B6803F00103012B5C
:102AB00040D07B681B689A687B681B6842F0010203
:102AC0009A601F4B1B681F4AA2FB03239B0CBB6031
:102AD00002E0BB68013BBB60BB68002BF9D1FFF78C
:102AE00005FDF8601FE0FFF701FD0246FB68D31A01
:102AF000022B18D97B681B689B6803F00103012B2C
:102B000011D07B689B6A43F010027B689A627B68F5
:102B1000DB6A43F001027B68DA627B68002283F89B
:102B20002420012307E07B681B689B6803F00103F6
:102B3000012BD8D1002318461037BD4680BD00BFF9
:102B40000400002083DE1B4380B584B000AF7860B2
:102B50000023FB607B681B689B6803F00103012B6B
:102B60002ED17B681B689A687B681B6822F0010283
:102B70009A60FFF7BBFCF8601BE0FFF7B7FC02466A
:102B8000FB68D31A022B14D97B681B689B6803F07F
:102B90000103012B0DD17B689B6A43F010027B6817
:102BA0009A627B68DB6A43F001027B68DA62012388
:102BB00007E07B681B689B6803F00103012BDCD0F6
:102BC000002318461037BD4680BD80B584B000AFE5
:102BD00078607B685B6AFB60FB689B6A03F050036C
:102BE000002B27D1FB689B6A43F40072FB689A6252
:102BF000FB681B689B6803F46023B3F5602F15D155
:102C0000FB681B7B002B11D1FB689B6A23F480724D
:102C1000FB689A62FB689B6A03F48053002B05D122
:102C2000FB689B6A43F00102FB689A62F868FFF751
:102C30001DFE04E0FB681B6A1B6B7868984700BFA9
:102C40001037BD4680BD80B584B000AF78607B682A
:102C50005B6AFB60F868FFF712FE00BF1037BD46E5
:102C600080BD80B584B000AF78607B685B6AFB6034
:102C7000FB689B6A43F04002FB689A62FB68DB6A70
:102C800043F00402FB68DA62F868FFF701FE00BF58
:102C90001037BD4680BD000080B485B000AF7860BD
:102CA0007B6803F00703FB600C4BDB68BB60BA6812
:102CB0004FF6FF031340BB60FB681A02BB68134367
:102CC00043F0BF6343F40033BB60044ABB68D36086
:102CD00000BF1437BD4680BC704700BF00ED00E068
:102CE00080B400AF044BDB681B0A03F007031846EF
:102CF000BD4680BC704700BF00ED00E080B483B0EB
:102D000000AF0346FB7197F90730002B0BDBFB7913
:102D100003F01F02064997F907305B09012000FA0A
:102D200002F241F8232000BF0C37BD4680BC70473B
:102D300000E100E080B483B000AF0346FB7197F977
:102D40000730002B12DBFB7903F01F020A4997F9C9
:102D500007305B09012000FA02F2203341F82320FA
:102D6000BFF34F8F00BFBFF36F8F00BF00BF0C37A3
:102D7000BD4680BC704700BF00E100E080B483B076
:102D800000AF03463960FB7197F90730002B0ADB6F
:102D90003B68DAB20C4997F907301201D2B20B4402
:102DA00083F800230AE03B68DAB20849FB7903F0B4
:102DB0000F03043B1201D2B20B441A7600BF0C374A
:102DC000BD4680BC704700BF00E100E000ED00E0C0
:102DD00080B489B000AFF860B9607A60FB6803F036
:102DE0000703FB61FB69C3F10703042B28BF04231E
:102DF000BB61FB690433062B02D9FB69033B00E08E
:102E000000237B614FF0FF32BB6902FA03F3DA4320
:102E1000BB681A407B699A404FF0FF317B6901FA29
:102E200003F3D9437B680B40134318462437BD4650
:102E300080BC704780B582B000AF78607B68013B92
:102E4000B3F1807F01D301230FE00A4A7B68013B85
:102E500053600F214FF0FF30FFF790FF054B00222A
:102E60009A60044B07221A60002318460837BD46B3
:102E700080BD00BF10E000E080B582B000AF786098
:102E80007868FFF709FF00BF0837BD4680BD80B5F1
:102E900086B000AF0346B9607A60FB7300237B61A4
:102EA000FFF71EFF78617A68B9687869FFF790FFCD
:102EB000024697F90F3011461846FFF75FFF00BF33
:102EC0001837BD4680BD80B582B000AF0346FB71A8
:102ED00097F907301846FFF711FF00BF0837BD46C6
:102EE00080BD80B582B000AF0346FB7197F9073013
:102EF0001846FFF71FFF00BF0837BD4680BD80B5ED
:102F000082B000AF78607868FFF794FF03461846F8
:102F10000837BD4680BD000080B485B000AF786042
:102F20000023FB607B68002B01D1012343E07B6819
:102F30001B681A46224B1344224AA2FB03231B0997
:102F40009A007B681A647B681F4ADA637B680222F6
:102F500083F821207B681B681B68FB60FB6823F4F7
:102F60007F5323F03003FB607B685A687B689B6863
:102F70001A437B68DB681A437B681B691A437B68CA
:102F80005B691A437B689B691A437B68DB6913435F
:102F9000FA681343FB607B681B68FA681A607B68F9
:102FA00000229A637B68012283F821207B6800223B
:102FB00083F82020002318461437BD4680BC704794
:102FC000F8FFFDBFCDCCCCCC0000024080B586B070
:102FD00000AFF860B9607A603B600023FB75FB6866
:102FE00093F82030012B01D102234BE0FB68012232
:102FF00083F82020FB6893F82130DBB2012B3AD113
:10300000FB68022283F82120FB6800229A63FB6898
:103010001B681A68FB681B6822F001021A603B6893
:103020007A68B968F86800F0F6F9FB68DB6A002B8B
:1030300008D0FB681B681A68FB681B6842F00E0228
:103040001A600FE0FB681B681A68FB681B6822F0B7
:1030500004021A60FB681B681A68FB681B6842F070
:103060000A021A60FB681B681A68FB681B6842F05A
:1030700001021A6005E0FB68002283F82020022389
:10308000FB75FB7D18461837BD4680BD80B485B002
:1030900000AF78600023FB737B6893F82130DBB2CC
:1030A000022B08D07B6804229A637B68002283F895
:1030B0002020012320E07B681B681A687B681B685E
:1030C00022F00E021A607B681B681A687B681B6816
:1030D00022F001021A607B681A6C7B68DB6B0121AD
:1030E00001FA02F25A607B68012283F821207B6892
:1030F000002283F82020FB7B18461437BD4680BC95
:103100007047000080B584B000AF78600023FB7387
:103110007B6893F82130DBB2022B05D07B68042258
:103120009A630123FB7351E07B681B681A687B6814
:103130001B6822F00E021A607B681B681A687B68A5
:103140001B6822F001021A607B681B68224A9342C6
:1031500029D07B681B68214A934222D07B681B6878
:103160001F4A93421AD07B681B681E4A934212D0B2
:103170007B681B681C4A93420AD07B681B681B4A09
:10318000934202D14FF480130EE04FF080730BE0B6
:103190004FF4803308E04FF4805305E04FF4807320
:1031A00002E0102300E00123114A53607B680122F2
:1031B00083F821207B68002283F820207B685B6BEA
:1031C000002B03D07B685B6B78689847FB7B1846C5
:1031D0001037BD4680BD00BF080002401C00024001
:1031E0003000024044000240580002406C0002409F
:1031F0000000024080B584B000AF78607B68DB6B74
:103200001B68FB607B681B681B68BB607B681B6C72
:1032100004229A40FB681340002B4FD0BB6803F098
:103220000403002B4AD07B681B681B6803F0200353
:10323000002B07D17B681B681A687B681B6822F02B
:1032400004021A607B681B68664A934229D07B6837
:103250001B68654A934222D07B681B68634A93428D
:103260001AD07B681B68624A934212D07B681B6845
:10327000604A93420AD07B681B685F4A934202D13E
:103280004FF480030EE04FF080630BE04FF4802397
:1032900008E04FF4804305E04FF4806302E04023F0
:1032A00000E00423554A53607B68DB6A002B00F082
:1032B00094807B68DB6A786898478EE07B681B6C3B
:1032C00002229A40FB681340002B56D0BB6803F0E3
:1032D0000203002B51D07B681B681B6803F020039E
:1032E000002B0BD17B681B681A687B681B6822F077
:1032F0000A021A607B68012283F821207B681B6820
:10330000384A934229D07B681B68374A934222D0BF
:103310007B681B68354A93421AD07B681B68344A25
:10332000934212D07B681B68324A93420AD07B6872
:103330001B68314A934202D14FF400130EE04FF064
:1033400000730BE04FF4003308E04FF4005305E046
:103350004FF4007302E0202300E00223274A536069
:103360007B68002283F820207B689B6A002B34D086
:103370007B689B6A786898472FE07B681B6C082203
:103380009A40FB681340002B28D0BB6803F0080369
:10339000002B23D07B681B681A687B681B6822F0AF
:1033A0000E021A607B681A6C7B68DB6B012101FAE4
:1033B00002F25A607B6801229A637B68012283F8DB
:1033C00021207B68002283F820207B681B6B002B68
:1033D00004D07B681B6B7868984700BF00BF10372C
:1033E000BD4680BD080002401C0002403000024083
:1033F00044000240580002406C00024000000240BD
:1034000080B483B000AF78607B689B6B18460C3744
:10341000BD4680BC704780B485B000AFF860B9602D
:103420007A603B60FB681A6CFB68DB6B012101FA78
:1034300002F25A60FB681B683A685A60FB685B6876
:10344000102B08D1FB681B687A689A60FB681B68C0
:10345000BA68DA6007E0FB681B68BA689A60FB68C4
:103460001B687A68DA6000BF1437BD4680BC7047BD
:1034700080B48BB000AF7860396000237B6200239A
:103480003B6269E101227B6A02FA03F3FB613B685C
:103490001B68FA691340BB61BA69FB699A4240F044
:1034A00058813B685B689A4A93425ED0984A93423F
:1034B00075D8984A934258D0964A93426FD8964A04
:1034C000934252D0944A934269D8944A93424CD042
:1034D000924A934263D8924A934246D0904A93428A
:1034E0005DD8122B2AD8122B59D801A252F823F0FA
:1034F0006B35000845350008573500089935000838
:103500009F3500089F3500089F3500089F3500084B
:103510009F3500089F3500089F3500089F3500083B
:103520009F3500089F3500089F3500089F3500082B
:103530009F3500084D35000861350008794A9342EF
:1035400013D02CE03B68DB683B6229E03B68DB681A
:1035500004333B6224E03B68DB6808333B621FE0D6
:103560003B68DB680C333B621AE03B689B68002BCE
:1035700002D104233B6213E03B689B68012B05D119
:1035800008233B627B68FA691A6109E008233B6201
:103590007B68FA695A6103E000233B6200E000BFE8
:1035A000BB69FF2B01D87B6801E07B6804337B613A
:1035B000BB69FF2B02D87B6A9B0002E07B6A083B59
:1035C0009B003B617B691A680F213B6901FA03F399
:1035D000DB431A40396A3B6901FA03F31A437B69FA
:1035E0001A603B685B6803F08053002B00F0B180E9
:1035F0004D4B9B694C4A43F0010393614A4B9B69D5
:1036000003F00103BB60BB68484A7B6A9B08023336
:1036100052F82330FB607B6A03F003039B000F2208
:1036200002FA03F3DB43FA681340FB607B68404A0D
:10363000934213D07B683F4A93420DD07B683E4A49
:10364000934207D07B683D4A934201D1032306E0B1
:10365000042304E0022302E0012300E000237A6A4D
:1036600002F0030292009340FA681343FB602F4973
:103670007B6A9B080233FA6841F823203B685B6849
:1036800003F48013002B06D02D4B9A682C49BB699C
:1036900013438B6006E02A4B9A68BB69DB432849D9
:1036A00013408B603B685B6803F40013002B06D06B
:1036B000234BDA682249BB691343CB6006E0204BF9
:1036C000DA68BB69DB431E491340CB603B685B682B
:1036D00003F40033002B06D0194B5A681849BB6914
:1036E00013434B6006E0164B5A68BB69DB43144931
:1036F00013404B603B685B6803F48033002B21D0A0
:103700000F4B1A680E49BB6913430B6021E000BFE1
:1037100000003210000031100000221000002110C3
:1037200000001210000011100010024000000140C3
:1037300000080140000C014000100140001401404D
:10374000000401400B4B1A68BB69DB430949134075
:103750000B607B6A01337B623B681A687B6A22FAE2
:1037600003F3002B7FF48EAE00BF00BF2C37BD46A5
:1037700080BC70470004014080B489B000AF78601D
:1037800039600023FB619AE00122FB6902FA03F32E
:103790003A681340BB61BB69002B00F08D804E4A34
:1037A000FB699B08023352F823307B61FB6903F00D
:1037B00003039B000F2202FA03F37A6913407B6133
:1037C0007B68464A934213D07B68454A93420DD0AA
:1037D0007B68444A934207D07B68434A934201D1B5
:1037E000032306E0042304E0022302E0012300E0B7
:1037F0000023FA6902F00302920093407A699A4228
:1038000032D13A4B1A68BB69DB43384913400B602D
:10381000364B5A68BB69DB43344913404B60334B2A
:10382000DA68BB69DB4331491340CB602F4B9A68A0
:10383000BB69DB432D4913408B60FB6903F0030335
:103840009B000F2202FA03F37B61234AFB699B086A
:10385000023352F823107B69DA431F48FB699B0847
:103860000A40023340F82320BB69FF2B01D87B6854
:1038700001E07B6804333B61BB69FF2B02D8FB6925
:103880009B0002E0FB69083B9B00FB603B691A68F8
:103890000F21FB6801FA03F3DB431A400421FB68A4
:1038A00001FA03F31A433B691A607B68DA68BB6963
:1038B000DB431A407B68DA60FB690133FB613A68DD
:1038C000FB6922FA03F3002B7FF45EAF00BF00BF59
:1038D0002437BD4680BC704700000140000801400D
:1038E000000C0140001001400014014000040140A0
:1038F00080B485B000AF78600B467B807B689A68A7
:103900007B881340002B02D00123FB7301E00023CE
:10391000FB73FB7B18461437BD4680BC704780B4F0
:1039200083B000AF78600B467B8013467B707B785A
:10393000002B03D07A887B681A6103E07B881A0425
:103940007B681A6100BF0C37BD4680BC704780B4ED
:1039500085B000AF78600B467B807B68DB68FB60DE
:103960007A88FB6813401A04FB68D9437B880B40B4
:103970001A437B681A6100BF1437BD4680BC70478C
:1039800080B586B000AF78607B68002B01D1012341
:1039900072E27B681B6803F00103002B00F0878054
:1039A000924B5B6803F00C03042B0CD08F4B5B68CD
:1039B00003F00C03082B12D18C4B5B6803F48033AB
:1039C000B3F5803F0BD1894B1B6803F40033002B08
:1039D0006CD07B685B68002B68D101234CE27B686C
:1039E0005B68B3F5803F06D1804B1B687F4A43F488
:1039F000803313602EE07B685B68002B0CD17B4B1F
:103A00001B687A4A23F480331360784B1B68774A2B
:103A100023F4802313601DE07B685B68B3F5A02F5F
:103A20000CD1724B1B68714A43F4802313606F4BB7
:103A30001B686E4A43F4803313600BE06B4B1B68CA
:103A40006A4A23F480331360684B1B68674A23F487
:103A5000802313607B685B68002B13D0FEF746FD64
:103A6000386108E0FEF742FD02463B69D31A642B39
:103A700001D9032300E25D4B1B6803F40033002BE4
:103A8000F0D014E0FEF732FD386108E0FEF72EFDBD
:103A900002463B69D31A642B01D90323ECE1534B53
:103AA0001B6803F40033002BF0D100E000BF7B68FB
:103AB0001B6803F00203002B63D04C4B5B6803F0E0
:103AC0000C03002B0BD0494B5B6803F00C03082B55
:103AD0001CD1464B5B6803F48033002B16D1434B5B
:103AE0001B6803F00203002B05D07B681B69012BC8
:103AF00001D00123C0E13D4B1B6823F0F8027B6835
:103B00005B69DB00394913430B603AE07B681B6952
:103B1000002B20D0364B01221A60FEF7E7FC3861FB
:103B200008E0FEF7E3FC02463B69D31A022B01D9F9
:103B30000323A1E12D4B1B6803F00203002BF0D0FF
:103B40002A4B1B6823F0F8027B685B69DB0027497E
:103B500013430B6015E0264B00221A60FEF7C6FCEB
:103B6000386108E0FEF7C2FC02463B69D31A022B1B
:103B700001D9032380E11D4B1B6803F00203002BD6
:103B8000F0D17B681B6803F00803002B3AD07B68F8
:103B90009B69002B19D0174B01221A60FEF7A6FC77
:103BA000386108E0FEF7A2FC02463B69D31A022BFB
:103BB00001D9032360E10D4B5B6A03F00203002B84
:103BC000F0D0012000F0CEFA1CE00A4B00221A606F
:103BD000FEF78CFC38610FE0FEF788FC02463B697B
:103BE000D31A022B08D9032346E100BF001002407C
:103BF0000000424280044242924B5B6A03F002039F
:103C0000002BE9D17B681B6803F00403002B00F054
:103C1000A6800023FB758B4BDB6903F08053002BE0
:103C20000DD1884BDB69874A43F08053D361854BC4
:103C3000DB6903F08053BB60BB680123FB75824BDB
:103C40001B6803F48073002B18D17F4B1B687E4ADE
:103C500043F480731360FEF749FC386108E0FEF717
:103C600045FC02463B69D31A642B01D9032303E1C7
:103C7000754B1B6803F48073002BF0D07B68DB6806
:103C8000012B06D16F4B1B6A6E4A43F0010313628E
:103C90002DE07B68DB68002B0CD16A4B1B6A694AFC
:103CA00023F001031362674B1B6A664A23F0040387
:103CB00013621CE07B68DB68052B0CD1614B1B6A2F
:103CC000604A43F0040313625E4B1B6A5D4A43F093
:103CD000010313620BE05B4B1B6A5A4A23F001039A
:103CE0001362584B1B6A574A23F0040313627B6824
:103CF000DB68002B15D0FEF7F9FB38610AE0FEF710
:103D0000F5FB02463B69D31A41F28832934201D94E
:103D10000323B1E04B4B1B6A03F00203002BEED0F0
:103D200014E0FEF7E3FB38610AE0FEF7DFFB024632
:103D30003B69D31A41F28832934201D903239BE0B5
:103D4000404B1B6A03F00203002BEED1FB7D012BDD
:103D500005D13C4BDB693B4A23F08053D3617B6840
:103D6000DB69002B00F08780364B5B6803F00C03A7
:103D7000082B61D07B68DB69022B46D1334B0022D4
:103D80001A60FEF7B3FB386108E0FEF7AFFB0246AE
:103D90003B69D31A022B01D903236DE0294B1B6821
:103DA00003F00073002BF0D17B681B6AB3F5803FF2
:103DB00008D1244B5B6823F400327B689B6821495F
:103DC00013434B601F4B5B6823F474127B68196AC2
:103DD0007B685B6A0B431B4913434B601B4B0122FF
:103DE0001A60FEF783FB386108E0FEF77FFB0246AE
:103DF0003B69D31A022B01D903233DE0114B1B6809
:103E000003F00073002BF0D035E0104B00221A6055
:103E1000FEF76CFB386108E0FEF768FB02463B6981
:103E2000D31A022B01D9032326E0064B1B6803F0AB
:103E30000073002BF0D11EE07B68DB69012B07D1FA
:103E4000012319E00010024000700040600042426F
:103E50000B4B5B68FB60FB6803F480327B681B6A7A
:103E60009A4206D1FB6803F470127B685B6A9A423F
:103E700001D0012300E0002318461837BD4680BD5D
:103E80000010024080B584B000AF786039607B6874
:103E9000002B01D10123D0E06A4B1B6803F007031C
:103EA0003A689A4210D9674B1B6823F007026549AC
:103EB0003B6813430B60634B1B6803F007033A68CE
:103EC0009A4201D00123B8E07B681B6803F002032B
:103ED000002B20D07B681B6803F00403002B05D067
:103EE000594B5B68584A43F4E06353607B681B6836
:103EF00003F00803002B05D0534B5B68524A43F490
:103F000060535360504B5B6823F0F0027B689B6802
:103F10004D4913434B607B681B6803F00103002B82
:103F200040D07B685B68012B07D1474B1B6803F4CB
:103F30000033002B15D101237FE07B685B68022BE7
:103F400007D1414B1B6803F00073002B09D10123FB
:103F500073E03D4B1B6803F00203002B01D10123EA
:103F60006BE0394B5B6823F003027B685B68364982
:103F700013434B60FEF7BAFAF8600AE0FEF7B6FAB0
:103F80000246FB68D31A41F28832934201D90323D7
:103F900053E02D4B5B6803F00C027B685B689B0071
:103FA0009A42EBD1274B1B6803F007033A689A4209
:103FB00010D2244B1B6823F0070222493B681343AD
:103FC0000B60204B1B6803F007033A689A4201D04C
:103FD000012332E07B681B6803F00403002B08D048
:103FE000194B5B6823F4E0627B68DB681649134376
:103FF0004B607B681B6803F00803002B09D0124B51
:104000005B6823F460527B681B69DB000E49134335
:104010004B6000F021F802460B4B5B681B0903F074
:104020000F030A49CB5C22FA03F3094A1360094BD8
:104030001B681846FEF718FA002318461037BD46CD
:1040400080BD00BF0020024000100240BC97000865
:10405000040000200800002080B487B000AF0023D7
:10406000FB600023BB6000237B6100237B60002397
:104070003B611E4B5B68FB60FB6803F00C03042B89
:1040800002D0082B03D027E0194B3B6127E0FB68E7
:104090009B0C03F00F03174AD35C7B60FB6803F4AF
:1040A0008033002B10D0114B5B685B0C03F00103D5
:1040B000114AD35CBB607B680D4A03FB02F2BB680C
:1040C000B2FBF3F37B6104E07B680C4A02FB03F371
:1040D0007B617B693B6102E0054B3B6100BF3B6953
:1040E00018461C37BD4680BC704700BF0010024018
:1040F00000127A00D4970008E497000800093D00F8
:1041000080B400AF024B1B681846BD4680BC7047A8
:104110000400002080B500AFFFF7F2FF0246054B18
:104120005B681B0A03F007030349CB5C22FA03F325
:10413000184680BD00100240CC97000880B500AF43
:10414000FFF7DEFF0246054B5B68DB0A03F007035F
:104150000349CB5C22FA03F3184680BD00100240ED
:10416000CC97000880B485B000AF78600A4B1B681C
:104170000A4AA2FB03235B0A7A6802FB03F3FB6093
:1041800000BFFB685A1EFA60002BF9D100BF00BFC8
:104190001437BD4680BC704704000020D34D621028
:1041A00080B586B000AF786000233B610023FB60E0
:1041B0007B681B6803F00103002B7DD00023FB7597
:1041C0004F4BDB6903F08053002B0DD14C4BDB6967
:1041D0004B4A43F08053D361494BDB6903F0805372
:1041E000BB60BB680123FB75464B1B6803F48073FF
:1041F000002B18D1434B1B68424A43F48073136071
:10420000FEF774F9386108E0FEF770F902463B6981
:10421000D31A642B01D903236DE03A4B1B6803F4D6
:104220008073002BF0D0364B1B6A03F44073FB60A5
:10423000FB68002B2ED07B685B6803F44073FA6840
:104240009A4227D02E4B1B6A23F44073FB602E4BFF
:1042500001221A602C4B00221A60294AFB68136263
:10426000FB6803F00103002B14D0FEF73FF938611F
:104270000AE0FEF73BF902463B69D31A41F2883265
:10428000934201D9032336E01D4B1B6A03F002035E
:10429000002BEED01A4B1B6A23F440727B685B68DC
:1042A000174913430B62FB7D012B05D1144BDB69CE
:1042B000134A23F08053D3617B681B6803F0020329
:1042C000002B08D00E4B5B6823F440427B689B6850
:1042D0000B4913434B607B681B6803F01003002BF2
:1042E00008D0074B5B6823F480027B68DB680449D5
:1042F00013434B60002318461837BD4680BD00BFEE
:1043000000100240007000404004424280B582B07C
:1043100000AF78607B68002B01D1012341E07B680E
:1043200093F83D30DBB2002B06D17B68002283F886
:104330003C207868FDF774FF7B68022283F83D20FB
:104340007B681A687B6804331946104600F012FA3D
:104350007B68012283F846207B68012283F83E2097
:104360007B68012283F83F207B68012283F840208C
:104370007B68012283F841207B68012283F8422078
:104380007B68012283F843207B68012283F8442064
:104390007B68012283F845207B68012283F83D2059
:1043A000002318460837BD4680BD80B584B000AFF5
:1043B00078607B681B68DB68FB607B681B681B6937
:1043C000BB60BB6803F00203002B20D0FB6803F046
:1043D0000203002B1BD07B681B686FF002021A617E
:1043E0007B6801221A777B681B689B6903F00303D3
:1043F000002B03D0786800F0A1F905E0786800F0A0
:1044000094F9786800F0A3F97B6800221A77BB68FA
:1044100003F00403002B20D0FB6803F00403002BFF
:104420001BD07B681B686FF004021A617B68022254
:104430001A777B681B689B6903F44073002B03D0D9
:10444000786800F07BF905E0786800F06EF978682C
:1044500000F07DF97B6800221A77BB6803F008033F
:10446000002B20D0FB6803F00803002B1BD07B68D7
:104470001B686FF008021A617B6804221A777B6858
:104480001B68DB6903F00303002B03D0786800F09E
:1044900055F905E0786800F048F9786800F057F9B8
:1044A0007B6800221A77BB6803F01003002B20D032
:1044B000FB6803F01003002B1BD07B681B686FF0B8
:1044C00010021A617B6808221A777B681B68DB6917
:1044D00003F44073002B03D0786800F02FF905E057
:1044E000786800F022F9786800F031F97B680022E2
:1044F0001A77BB6803F00103002B0CD0FB6803F0B4
:104500000103002B07D07B681B686FF001021A6162
:10451000786800F001F9BB6803F08003002B0CD031
:10452000FB6803F08003002B07D07B681B686FF0EB
:1045300080021A61786800F088FABB6803F04003D3
:10454000002B0CD0FB6803F04003002B07D07B68E6
:104550001B686FF040021A61786800F001F9BB68CF
:1045600003F02003002B0CD0FB6803F02003002B8A
:1045700007D07B681B686FF020021A61786800F032
:104580005BFA00BF1037BD4680BD80B584B000AF78
:10459000786039600023FB737B6893F83C30012B13
:1045A00001D10223B4E07B68012283F83C207B68C0
:1045B000022283F83D207B681B689B68BB60BB6858
:1045C00023F07703BB60BB6823F47F43BB607B6849
:1045D0001B68BA689A603B681B68B3F5005F3ED001
:1045E000B3F5005F00F28780B3F5805F00F086804E
:1045F000B3F5805F7FD8702B1AD0702B7BD8602BDF
:1046000050D0602B77D8502B3CD0502B73D8402BF8
:1046100058D0402B6FD8302B64D0302B6BD8202B48
:1046200060D0202B67D8002B5CD0102B5AD062E0D2
:104630007B6818683B6899683B685A683B68DB6828
:1046400000F07DF97B681B689B68BB60BB6843F02A
:104650007703BB607B681B68BA689A604FE07B6831
:1046600018683B6899683B685A683B68DB6800F0EB
:1046700066F97B681B689A687B681B6842F4804215
:104680009A603CE07B6818683B6859683B68DB6867
:104690001A4600F0DDF87B681B685021184600F0D0
:1046A00034F92CE07B6818683B6859683B68DB6824
:1046B0001A4600F0FBF87B681B686021184600F082
:1046C00024F91CE07B6818683B6859683B68DB6824
:1046D0001A4600F0BDF87B681B684021184600F0C0
:1046E00014F90CE07B681A683B681B681946104691
:1046F00000F00BF903E00123FB7300E000BF7B68CF
:10470000012283F83D207B68002283F83C20FB7B5C
:1047100018461037BD4680BD80B483B000AF7860C6
:1047200000BF0C37BD4680BC704780B483B000AF7B
:10473000786000BF0C37BD4680BC704780B483B042
:1047400000AF786000BF0C37BD4680BC704780B4B6
:1047500083B000AF786000BF0C37BD4680BC7047A7
:1047600080B483B000AF786000BF0C37BD4680BC1A
:104770007047000080B485B000AF786039607B6816
:104780001B68FB607B682F4A93420BD07B68B3F1B8
:10479000804F07D07B682C4A934203D07B682B4A1A
:1047A000934208D1FB6823F07003FB603B685B68B1
:1047B000FA681343FB607B68224A93420BD07B6804
:1047C000B3F1804F07D07B681F4A934203D07B68C8
:1047D0001E4A934208D1FB6823F44073FB603B6898
:1047E000DB68FA681343FB60FB6823F080023B68D8
:1047F0005B691343FB607B68FA681A603B689A68E0
:104800007B68DA623B681A687B689A627B680D4A4B
:10481000934203D13B681A697B681A637B68012263
:104820005A617B681B6903F00103002B05D07B688C
:104830001B6923F001027B681A6100BF1437BD4673
:1048400080BC7047002C014000040040000800407C
:1048500080B487B000AFF860B9607A60FB681B6A0B
:104860007B61FB681B6A23F00102FB681A62FB682C
:104870009B693B613B6923F0F0033B617B681B0153
:104880003A6913433B617B6923F00A037B617A69D0
:10489000BB6813437B61FB683A699A61FB687A697C
:1048A0001A6200BF1C37BD4680BC704780B487B019
:1048B00000AFF860B9607A60FB681B6A7B61FB68D7
:1048C0001B6A23F01002FB681A62FB689B693B615C
:1048D0003B6923F470433B617B681B033A691343D4
:1048E0003B617B6923F0A0037B61BB681B017A6994
:1048F00013437B61FB683A699A61FB687A691A62C3
:1049000000BF1C37BD4680BC704780B485B000AF87
:10491000786039607B689B68FB60FB6823F07003FC
:10492000FB603A68FB68134343F00703FB607B6856
:10493000FA689A6000BF1437BD4680BC704780B4E7
:1049400087B000AFF860B9607A603B60FB689B6835
:104950007B617B6923F47F437B613B681A027B6840
:104960001A43BB6813437A6913437B61FB687A6916
:104970009A6000BF1C37BD4680BC704780B485B0CC
:1049800000AF786039607B6893F83C30012B01D12F
:10499000022346E07B68012283F83C207B680222E8
:1049A00083F83D207B681B685B68FB607B681B6845
:1049B0009B68BB60FB6823F07003FB603B681B686F
:1049C000FA681343FB607B681B68FA685A607B686F
:1049D0001B68164A93420ED07B681B68B3F1804F68
:1049E00009D07B681B68124A934204D07B681B681D
:1049F000104A93420CD1BB6823F08003BB603B6834
:104A00005B68BA681343BB607B681B68BA689A60CE
:104A10007B68012283F83D207B68002283F83C20DC
:104A2000002318461437BD4680BC7047002C014057
:104A3000000400400008004080B483B000AF7860FC
:104A400000BF0C37BD4680BC704780B483B000AF58
:104A5000786000BF0C37BD4680BC704780B582B01F
:104A600000AF78607B68002B01D1012342E07B68B6
:104A700093F84130DBB2002B06D17B68002283F82B
:104A800040207868FDF7F0FB7B68242283F8412002
:104A90007B681B68DA687B681B6822F40052DA6066
:104AA000786800F0CDFE7B681B681A697B681B681C
:104AB00022F490421A617B681B685A697B681B6804
:104AC00022F02A025A617B681B68DA687B681B68DF
:104AD00042F40052DA607B6800225A647B6820222C
:104AE00083F841207B68202283F842207B680022E3
:104AF0005A63002318460837BD4680BD80B582B092
:104B000000AF78607B68002B01D1012324E07B6833
:104B1000242283F841207B681B68DA687B681B6865
:104B200022F40052DA607868FDF7F0FB7B6800221F
:104B30005A647B68002283F841207B68002283F856
:104B400042207B6800221A637B6800225A637B68DC
:104B5000002283F84020002318460837BD4680BD58
:104B600080B58AB002AFF860B9603B601346FB8045
:104B700000237B61FB6893F84130DBB2202B75D1B9
:104B8000BB68002B02D0FB88002B01D101236EE013
:104B9000FB6800225A64FB68212283F84120FDF75C
:104BA000A5FC7861FB68FA889A84FB68FA88DA8445
:104BB000FB689B68B3F5805F08D1FB681B69002B1D
:104BC00004D10023FB61BB68BB6103E0BB68FB61F0
:104BD0000023BB612EE03B6800937B6900228021AB
:104BE000F86800F0FFFB0346002B05D0FB6820228D
:104BF00083F8412003233AE0FB69002B0BD1BB690A
:104C00001B881A46FB681B68C2F308025A60BB691E
:104C10000233BB6107E0FB691A78FB681B685A60C6
:104C2000FB690133FB61FB68DB8C9BB2013B9AB2F1
:104C3000FB68DA84FB68DB8C9BB2002BCBD13B6832
:104C400000937B6900224021F86800F0CBFB03460B
:104C5000002B05D0FB68202283F84120032306E0C7
:104C6000FB68202283F84120002300E0022318463D
:104C70002037BD4680BD80B584B000AFF860B96014
:104C80001346FB80FB6893F84230DBB2202B12D135
:104C9000BB68002B02D0FB88002B01D101230BE065
:104CA000FB6800221A63FB881A46B968F86800F0AE
:104CB000F2FB034600E0022318461037BD4680BDD4
:104CC00080B5A0B000AF78607B681B680C33FB65D3
:104CD000FB6D53E8003FBB65BB6D23F4F073FB67CE
:104CE0007B681B680C33FA6FBA667B66796EBA6EA6
:104CF00041E800233B663B6E002BE5D17B681B68D7
:104D00001433BB64BB6C53E8003F7B647B6C23F0C3
:104D10000103BB677B681B681433BA6F7A653B6518
:104D2000396D7A6D41E80023FB64FB6C002BE5D103
:104D30007B681B6B012B19D17B681B680C337B6371
:104D40007B6B53E8003F3B633B6B23F010037B67B7
:104D50007B681B680C337A6F3A64FB63F96B3A6CBF
:104D600041E80023BB63BB6B002BE5D17B681B686C
:104D70005B6903F08003002B36D07B681B6814331B
:104D80003B623B6A53E8003FFB61FB6923F0800311
:104D90003B677B681B6814333A6FFA62BB62B96A7F
:104DA000FA6A41E800237B627B6A002BE5D17B68CD
:104DB0009B6B002B18D07B689B6B00225A637B682F
:104DC0009B6B1846FEF762F90346002B0CD07B68FC
:104DD0009B6B1846FEF714FB0346202B04D17B681F
:104DE00010225A64032352E07B681B685B6903F05E
:104DF0004003002B36D07B681B681433FB60FB68D4
:104E000053E8003FBB60BB6823F04003FB667B6850
:104E10001B681433FA6EBA617B617969BA6941E83B
:104E200000233B613B69002BE5D17B68DB6B002BEA
:104E300018D07B68DB6B00225A637B68DB6B1846FB
:104E4000FEF724F90346002B0CD07B68DB6B184679
:104E5000FEF7D6FA0346202B04D17B6810225A6451
:104E6000032314E07B680022DA847B680022DA8561
:104E70007B6800225A647B68202283F842207B688A
:104E8000202283F841207B6800221A630023184601
:104E90008037BD4680BD000080B5BAB000AF7860F5
:104EA0007B681B681B68C7F8E4307B681B68DB689D
:104EB000C7F8E0307B681B685B69C7F8DC3000230B
:104EC000C7F8D8300023C7F8D430D7F8E43003F05F
:104ED0000F03C7F8D830D7F8D830002B0FD1D7F848
:104EE000E43003F02003002B09D0D7F8E03003F0C2
:104EF0002003002B03D0786800F0E3FB5BE2D7F8D7
:104F0000D830002B00F0DE80D7F8DC3003F001034E
:104F1000002B06D1D7F8E03003F49073002B00F09B
:104F2000D180D7F8E43003F00103002B0BD0D7F881
:104F3000E03003F48073002B05D07B685B6C43F09A
:104F400001027B685A64D7F8E43003F00403002BB5
:104F50000BD0D7F8DC3003F00103002B05D07B68C1
:104F60005B6C43F002027B685A64D7F8E43003F0CC
:104F70000203002B0BD0D7F8DC3003F00103002B29
:104F800005D07B685B6C43F004027B685A64D7F8F9
:104F9000E43003F00803002B11D0D7F8E03003F021
:104FA0002003002B05D1D7F8DC3003F00103002BE0
:104FB00005D07B685B6C43F008027B685A647B68B1
:104FC0005B6C002B00F0F281D7F8E43003F0200393
:104FD000002B08D0D7F8E03003F02003002B02D0DC
:104FE000786800F06EFB7B681B685B6903F0400328
:104FF000002B14BF01230023DBB2C7F8D4307B6839
:105000005B6C03F00803002B03D1D7F8D430002BDE
:105010004FD0786800F078FA7B681B685B6903F012
:105020004003002B41D07B681B681433C7F89C30C9
:10503000D7F89C3053E8003FC7F89830D7F898303D
:1050400023F04003C7F8D0307B681B681433D7F8CF
:10505000D020C7F8A820C7F8A430D7F8A410D7F8F4
:10506000A82041E80023C7F8A030D7F8A030002BD3
:10507000D9D17B68DB6B002B13D07B68DB6B7E4A5E
:105080005A637B68DB6B1846FEF73CF80346002B3F
:1050900016D07B68DB6B5B6B7A68D26B10469847E7
:1050A0000EE07868FCF78EF90AE07868FCF78AF978
:1050B00006E07868FCF786F97B6800225A6475E19F
:1050C00000BF73E17B681B6B012B40F04F81D7F869
:1050D000E43003F01003002B00F04881D7F8E030F3
:1050E00003F01003002B00F041810023BB607B68BC
:1050F0001B681B68BB607B681B685B68BB60BB6828
:105100007B681B685B6903F04003002B00F0B680EE
:105110007B68DB6B1B685B68A7F8BE30B7F8BE30F6
:10512000002B00F045817B689B8DB7F8BE209A422A
:1051300080F03E817B68B7F8BE20DA857B68DB6B48
:105140009B69202B00F088807B681B680C33C7F8B4
:105150008830D7F8883053E8003FC7F88430D7F854
:10516000843023F48073C7F8B8307B681B680C3335
:10517000D7F8B820C7F89420C7F89030D7F8901027
:10518000D7F8942041E80023C7F88C30D7F88C304A
:10519000002BD9D17B681B6814337B677B6F53E886
:1051A000003F3B673B6F23F00103C7F8B4307B68D7
:1051B0001B681433D7F8B420C7F88020FB67F96F59
:1051C000D7F8802041E80023BB67BB6F002BE1D1FB
:1051D0007B681B6814333B663B6E53E8003FFB65FE
:1051E000FB6D23F04003C7F8B0307B681B681433B5
:1051F000D7F8B020FA66BB66B96EFA6E41E80023B4
:105200007B667B6E002BE3D17B68202283F84220F3
:105210007B6800221A637B681B680C33FB64FB6CA1
:1052200053E8003FBB64BB6C23F01003C7F8AC30FD
:105230007B681B680C33D7F8AC20BA657B65796D49
:10524000BA6D41E800233B653B6D002BE3D17B68E1
:10525000DB6B1846FDF71AFF7B6802225A637B68F6
:105260009A8D7B68DB8D9BB2D31A9BB21946786806
:1052700000F0ADF89CE000BFCD5500087B689A8D2A
:105280007B68DB8D9BB2D31AA7F8CE307B68DB8DB1
:105290009BB2002B00F08E80B7F8CE30002B00F0D0
:1052A00089807B681B680C33BB63BB6B53E8003F92
:1052B0007B637B6B23F49073C7F8C8307B681B68F3
:1052C0000C33D7F8C8207A643B64396C7A6C41E8B7
:1052D0000023FB63FB6B002BE3D17B681B6814335B
:1052E0007B627B6A53E8003F3B623B6A23F0010329
:1052F000C7F8C4307B681B681433D7F8C4203A63FE
:10530000FB62F96A3A6B41E80023BB62BB6A002B7F
:10531000E3D17B68202283F842207B6800221A6355
:105320007B681B680C333B613B6953E8003FFB60C3
:10533000FB6823F01003C7F8C0307B681B680C3390
:10534000D7F8C020FA61BB61B969FA6941E8002366
:105350007B617B69002BE3D17B6802225A63B7F83B
:10536000CE301946786800F032F823E0D7F8E43000
:1053700003F08003002B09D0D7F8E03003F080035E
:10538000002B03D0786800F035F914E0D7F8E4304A
:1053900003F04003002B0ED0D7F8E03003F04003B9
:1053A000002B08D0786800F074F904E000BF02E038
:1053B00000BF00E000BFE837BD4680BD80B483B0C9
:1053C00000AF786000BF0C37BD4680BC704780B42A
:1053D00083B000AF78600B467B8000BF0C37BD46C2
:1053E00080BC704780B586B000AFF860B9603B60A4
:1053F0001346FB713BE03B6AB3F1FF3F37D0FDF74B
:1054000075F802463B68D31A3A6A9A4202D33B6A5D
:10541000002B01D103233AE0FB681B68DB6803F033
:105420000403002B23D0BB68802B20D0BB68402B0B
:105430001DD0FB681B681B6803F00803082B16D1FE
:1054400000237B61FB681B681B687B61FB681B6832
:105450005B687B617B69F86800F056F8FB6808229E
:105460005A64FB68002283F8402001230FE0FB68A8
:105470001B681A68BB681340BA689A420CBF0123C4
:105480000023DBB21A46FB799A42B4D000231846B7
:105490001837BD4680BD80B485B000AFF860B960F4
:1054A0001346FB80FB68BA689A62FB68FA889A85A3
:1054B000FB68FA88DA85FB6800225A64FB682222BE
:1054C00083F84220FB681B69002B07D0FB681B6830
:1054D000DA68FB681B6842F48072DA60FB681B685C
:1054E0005A69FB681B6842F001025A61FB681B683D
:1054F000DA68FB681B6842F02002DA600023184675
:105500001437BD4680BC704780B495B000AF78605A
:105510007B681B680C337B637B6B53E8003F3B630A
:105520003B6B23F49073FB647B681B680C33FA6C51
:105530003A64FB63F96B3A6C41E80023BB63BB6BD5
:10554000002BE5D17B681B6814333B623B6A53E850
:10555000003FFB61FB6923F00103BB647B681B68B0
:105560001433BA6CFA62BB62B96AFA6A41E8002382
:105570007B627B6A002BE5D17B681B6B012B19D109
:105580007B681B680C33FB60FB6853E8003FBB6023
:10559000BB6823F010037B647B681B680C337A6C58
:1055A000BA617B617969BA6941E800233B613B6973
:1055B000002BE5D17B68202283F842207B68002203
:1055C0001A6300BF5437BD4680BC704780B584B0B5
:1055D00000AF78607B685B6AFB60FB680022DA855D
:1055E000FB680022DA84F868FBF7ECFE00BF103796
:1055F000BD4680BD80B485B000AF78607B6893F80D
:105600004130DBB2212B3ED17B689B68B3F5805FD4
:1056100014D17B681B69002B10D17B681B6AFB606F
:10562000FB681B881A467B681B68C2F308025A6035
:105630007B681B6A9A1C7B681A6208E07B681B6A9D
:10564000591C7A6811621A787B681B685A607B68FB
:10565000DB8C9BB2013B9BB27A681946D184002B4C
:105660000FD17B681B68DA687B681B6822F08002B8
:10567000DA607B681B68DA687B681B6842F040026E
:10568000DA60002300E0022318461437BD4680BCD0
:10569000704780B582B000AF78607B681B68DA68BD
:1056A0007B681B6822F04002DA607B68202283F866
:1056B00041207868FFF782FE002318460837BD4670
:1056C00080BD80B58CB000AF78607B6893F84230C5
:1056D000DBB2222B40F0AE807B689B68B3F5805F25
:1056E00017D17B681B69002B13D10023FB627B68F9
:1056F0009B6ABB627B681B685B689BB2C3F3080351
:105700009AB2BB6A1A807B689B6A9A1C7B689A6211
:1057100026E07B689B6AFB620023BB627B689B6818
:10572000B3F5805F07D07B689B68002B0AD17B684C
:105730001B69002B06D17B681B685B68DAB2FB6AC9
:105740001A7008E07B681B685B68DBB203F07F03BC
:10575000DAB2FB6A1A707B689B6A5A1C7B689A6291
:105760007B68DB8D9BB2013B9BB27A681946D18581
:10577000002B5DD17B681B68DA687B681B6822F0B0
:105780002002DA607B681B68DA687B681B6822F499
:105790008072DA607B681B685A697B681B6822F03C
:1057A00001025A617B68202283F842207B68002234
:1057B0005A637B681B6B012B35D17B6800221A630F
:1057C0007B681B680C337B617B6953E8003F3B615E
:1057D0003B6923F010037B627B681B680C337A6A99
:1057E0003A62FB61F9693A6A41E80023BB61BB692F
:1057F000002BE5D17B681B681B6803F01003102B9E
:105800000AD10023FB607B681B681B68FB607B6818
:105810001B685B68FB60FB687B689B8D194678683A
:10582000FFF7D5FD02E07868FBF758FD002302E0A2
:10583000002300E0022318463037BD4680BD00003B
:1058400080B584B000AF78607B681B681B6923F467
:1058500040517B68DA687B681B680A431A617B6881
:105860009A687B681B691A437B685B691343BB605A
:105870007B681B68DB6823F4B05323F00C037A6861
:105880001268B9680B43D3607B681B685B6923F4BB
:1058900040717B689A697B681B680A435A617B6820
:1058A0001B682C4A934203D1FEF748FCF86002E0E3
:1058B000FEF730FCF860FA6813469B0013449A0028
:1058C0001A447B685B689B00B2FBF3F3224AA2FB9D
:1058D00003235B091901FA6813469B0013449A00DD
:1058E0001A447B685B689B00B2FBF3F21A4BA3FB84
:1058F00002035B09642000FB03F3D31A1B0132335C
:10590000154AA2FB03235B0903F0F0031944FA686C
:1059100013469B0013449A001A447B685B689B0003
:10592000B2FBF3F20C4BA3FB02035B09642000FB08
:1059300003F3D31A1B013233074AA2FB03235B098B
:1059400003F00F027B681B680A449A6000BF10379F
:10595000BD4680BD003801401F85EB5180B483B047
:1059600000AF03463960FB7197F90730002B0ADB63
:105970003B68DAB20C4997F907301201D2B20B44F6
:1059800083F800230AE03B68DAB20849FB7903F0A8
:105990000F03043B1201D2B20B441A7600BF0C373E
:1059A000BD4680BC704700BF00E100E000ED00E0B4
:1059B00080B500AF00216FF00400FFF7CFFF00BFFC
:1059C00080BD000080B483B000AFEFF305833B607F
:1059D0003B68002B03D06FF005037B600CE0094BA4
:1059E0001B68002B05D1074B01221A6000237B6046
:1059F00002E04FF0FF337B607B6818460C37BD46F2
:105A000080BC7047CC06002080B582B000AFEFF3B9
:105A100005833B603B68002B03D06FF005037B6080
:105A200010E00B4B1B68012B09D1FFF7C1FF084B9E
:105A300002221A6001F00CFC00237B6002E04FF0B0
:105A4000FF337B607B6818460837BD4680BD00BFCA
:105A5000CC06002080B582B000AFEFF305833B6039
:105A60003B68002B03D001F015FD786002E001F0E7
:105A700003FD78607B6818460837BD4680BD80B559
:105A80008EB004AFF860B9607A6000233B61EFF339
:105A900005837B617B69002B7ED1FB68002B7BD06B
:105AA00080233B621823FB6100237B624FF0FF33AE
:105AB000BB617B68002B45D07B681B68002B02D044
:105AC0007B681B687B627B689B69002B02D07B68CC
:105AD0009B69FB61FB69002B08D0FB69382B05D85B
:105AE0007B685B6803F00103002B01D0002354E0C6
:105AF0007B685B69002B03D07B685B699B083B621A
:105B00007B689B68002B0ED07B68DB685B2B0AD917
:105B10007B681B69002B06D07B685B69002B02D079
:105B20000123BB6110E07B689B68002B0CD17B6874
:105B3000DB68002B08D17B681B69002B04D1002394
:105B4000BB6101E00023BB61BB69012B10D17B6805
:105B50001B697A68926802920193FB690093BB68A3
:105B60003A6A796AF86801F04DF903463B6113E03F
:105B7000BB69002B10D13B6A9AB207F11003019365
:105B8000FB690093BB68796AF86801F09BF90346EA
:105B9000012B01D000233B613B6918462837BD46E5
:105BA00080BD80B586B000AF7860EFF30583FB6001
:105BB000FB68002B03D06FF005037B6119E0002325
:105BC0007B6101F059FC0346BB60BB687A68D31A5D
:105BD0003B613B69002B09D03B69002B06DB07F1D9
:105BE00008033969184601F0B3FA02E06FF00303C5
:105BF0007B617B6918461837BD4680BD80B588B08B
:105C000000AF78600023FB61EFF30583BB60BB68E6
:105C1000002B74D17B68002B03D07B685B68BB6171
:105C200001E00023BB61BB6903F00103002B02D03C
:105C300001237B6101E000237B61BB6903F0080362
:105C4000002B5CD14FF0FF333B617B68002B15D0FC
:105C50007B689B68002B06D07B68DB684F2B02D9E2
:105C600001233B610CE07B689B68002B08D17B68BB
:105C7000DB68002B04D100233B6101E000233B6182
:105C80003B69012B12D17B69002B07D07B689B6895
:105C90001946042000F019FBF86116E07B689B6848
:105CA0001946012000F011FBF8610EE03B69002B62
:105CB0000BD17B69002B04D0042000F0EEFAF861D0
:105CC00003E0012000F0E9FAF861FB69002B0CD039
:105CD0007B68002B03D07B681B68FB6001E000231E
:105CE000FB60F968F86901F031F8FB69002B06D018
:105CF0007B69002B03D0FB6943F00103FB61FB6967
:105D000018462037BD4680BD80B586B000AF7860AC
:105D100039607B6823F001033B617B6803F001037A
:105D2000FB6000237B61EFF30583BB60BB68002B46
:105D300003D06FF005037B612CE03B69002B03D19E
:105D40006FF003037B6125E0FB68002B11D03968FD
:105D5000386900F00AFB0346012B1BD03B68002B7F
:105D600003D06FF001037B6114E06FF002037B61ED
:105D700010E03968386900F0B1FD0346012B09D005
:105D80003B68002B03D06FF001037B6102E06FF0F2
:105D900002037B617B6918461837BD4680BD80B51C
:105DA00086B000AF78607B6823F001033B617B68BD
:105DB00003F00103FB6000237B61EFF30583BB600D
:105DC000BB68002B03D06FF005037B611FE03B69CC
:105DD000002B03D16FF003037B6118E0FB68002BFD
:105DE00009D0386900F08CFA0346012B0FD06FF010
:105DF00002037B610BE0002300220021386900F0E0
:105E0000EBFA0346012B02D06FF002037B617B6942
:105E100018461837BD4680BD80B485B000AFF86025
:105E2000B9607A60FB68064A1A60BB68054A1A6066
:105E30007B6880221A6000BF1437BD4680BC704763
:105E4000D00600202C07002080B485B000AFF86099
:105E5000B9607A60FB68074A1A60BB68064A1A6034
:105E60007B684FF480721A6000BF1437BD4680BC57
:105E7000704700BF2C0900208809002080B483B03F
:105E800000AF78607B6803F108027B685A607B682A
:105E90004FF0FF329A607B6803F108027B68DA609A
:105EA0007B6803F108027B681A617B6800221A6034
:105EB00000BF0C37BD4680BC704780B483B000AFD4
:105EC00078607B6800221A6100BF0C37BD4680BC39
:105ED000704780B485B000AF786039607B685B68DC
:105EE000FB603B68FA685A60FB689A683B689A6096
:105EF000FB689B683A685A60FB683A689A603B683E
:105F00007A681A617B681B685A1C7B681A6000BF3C
:105F10001437BD4680BC704780B485B000AF786050
:105F200039603B681B68BB60BB68B3F1FF3F03D1BE
:105F30007B681B69FB600CE07B680833FB6002E058
:105F4000FB685B68FB60FB685B681B68BA689A4229
:105F5000F6D2FB685A683B685A603B685B683A68EF
:105F60009A603B68FA689A60FB683A685A603B68D6
:105F70007A681A617B681B685A1C7B681A6000BFCC
:105F80001437BD4680BC704780B485B000AF7860E0
:105F90007B681B69FB607B685B687A6892689A60C3
:105FA0007B689B687A6852685A60FB685B687A68AD
:105FB0009A4203D17B689A68FB685A607B6800222A
:105FC0001A61FB681B685A1EFB681A60FB681B6835
:105FD00018461437BD4680BC7047000080B584B0B9
:105FE00000AF786039607B68FB60FB68002B0BD1E9
:105FF0004FF0500383F31188BFF36F8FBFF34F8FC0
:10600000BB6000BF00BFFDE702F0B8FBFB681A6889
:10601000FB68DB6BF968096C01FB03F31A44FB684E
:106020009A60FB6800229A63FB681A68FB685A60F2
:10603000FB681A68FB68DB6B013BF968096C01FBC4
:1060400003F31A44FB68DA60FB68FF2283F84420FC
:10605000FB68FF2283F845203B68002B14D1FB68C6
:106060001B69002B1AD0FB681033184601F08EFB19
:106070000346002B12D00D4B4FF080521A60BFF335
:106080004F8FBFF36F8F09E0FB6810331846FFF79F
:10609000F5FEFB6824331846FFF7F0FE02F09EFB86
:1060A000012318461037BD4680BD00BF04ED00E057
:1060B00080B58EB002AFF860B9607A603B60FB6873
:1060C000002B0BD14FF0500383F31188BFF36F8F78
:1060D000BFF34F8FBB6200BF00BFFDE73B68002BE3
:1060E0000BD14FF0500383F31188BFF36F8FBFF3D1
:1060F0004F8F7B6200BF00BFFDE77B68002B02D0A3
:10610000BB68002B01D0012300E00023002B0BD142
:106110004FF0500383F31188BFF36F8FBFF34F8F9E
:106120003B6200BF00BFFDE77B68002B02D1BB686C
:10613000002B01D1012300E00023002B0BD14FF0F5
:10614000500383F31188BFF36F8FBFF34F8FFB6151
:1061500000BF00BFFDE750237B617B69502B0BD054
:106160004FF0500383F31188BFF36F8FBFF34F8F4E
:10617000BB6100BF00BFFDE77B693B68FB62FB6A58
:10618000002B0DD0FB6A012283F8462097F83820B7
:10619000FB6A009313467A68B968F86800F040F823
:1061A000FB6A18463037BD4680BD80B58AB002AF65
:1061B000F860B9601346FB71FB68002B0BD14FF000
:1061C000500383F31188BFF36F8FBFF34F8F3B6191
:1061D00000BF00BFFDE7FB68BA6802FB03F3FB6189
:1061E000FB695033184602F0CBFBB861BB69002B4A
:1061F00011D0BB697B617B6950337B61BB69002235
:1062000083F84620FA79BB69009313467A69B96826
:10621000F86800F005F8BB6918462037BD4680BD18
:1062200080B584B000AFF860B9607A60FB70BB687D
:10623000002B03D1BB69BA691A6002E0BB697A68B6
:106240001A60BB69FA68DA63BB69BA681A6401212B
:10625000B869FFF7C3FEBB69FA7883F84C2000BF2A
:106260001037BD4680BD80B582B000AF78607B68D6
:10627000002B0ED07B6800229A607B6800221A6097
:106280007B680022DA60002300220021786800F099
:10629000A3F800BF0837BD4680BD80B586B000AF0B
:1062A0000346FB7101237B6100233B61FB791A46A6
:1062B00039697869FFF779FFF860F868FFF7D3FF6D
:1062C000FB6818461837BD4680BD80B588B002AF60
:1062D00003463960FB7101237B6100233B61FB793D
:1062E00000933B68002239697869FFF7E1FEF860A6
:1062F000F868FFF7B8FFFB6818461837BD4680BD41
:1063000090B587B000AF78607B683B613B69002B3C
:106310000BD14FF0500383F31188BFF36F8FBFF39E
:106320004F8FFB6000BF00BFFDE73B699C6801F039
:10633000EDFB03469C4211D13B69DB685A1E3B6969
:10634000DA603B69DB68002B05D1002300220021C5
:10635000386900F041F801237B6101E000237B6193
:106360007B6918461C37BD4690BD90B587B000AF1D
:10637000786039607B683B613B69002B0BD14FF043
:10638000500383F31188BFF36F8FBFF34F8FFB6010
:1063900000BF00BFFDE73B699C6801F0B7FB034607
:1063A0009C4207D13B69DB685A1C3B69DA600123D8
:1063B0007B610CE03968386900F090FA78617B699C
:1063C000002B04D03B69DB685A1C3B69DA607B69AF
:1063D00018461C37BD4690BD80B58EB000AFF86042
:1063E000B9607A603B6000237B63FB683B633B6B77
:1063F000002B0BD14FF0500383F31188BFF36F8F45
:10640000BFF34F8FBB6200BF00BFFDE7BB68002B2F
:1064100003D13B6B1B6C002B01D1012300E0002357
:10642000002B0BD14FF0500383F31188BFF36F8F14
:10643000BFF34F8F7B6200BF00BFFDE73B68022BBD
:1064400003D13B6BDB6B012B01D1012300E0002367
:10645000002B0BD14FF0500383F31188BFF36F8FE4
:10646000BFF34F8F3B6200BF00BFFDE701F05CFB55
:106470000346002B02D17B68002B01D1012300E0F1
:106480000023002B0BD14FF0500383F31188BFF38F
:106490006F8FBFF34F8FFB6100BF00BFFDE702F0BE
:1064A0006DF93B6B9A6B3B6BDB6B9A4202D33B689B
:1064B000022B29D13A68B968386B00F036FBF862D4
:1064C0003B6B5B6A002B10D03B6B2433184601F00A
:1064D0005DF90346002B13D03F4B4FF080521A60FA
:1064E000BFF34F8FBFF36F8F0AE0FB6A002B07D01B
:1064F000394B4FF080521A60BFF34F8FBFF36F8F4D
:1065000002F06CF9012363E07B68002B03D102F0F9
:1065100065F900235CE07B6B002B06D107F11403C7
:10652000184601F097F901237B6302F057F900F058
:10653000F7FE02F023F93B6B93F844305BB2B3F102
:10654000FF3F03D13B6B002283F844203B6B93F861
:1065500045305BB2B3F1FF3F03D13B6B002283F8C0
:10656000452002F03BF93A1D07F114031146184685
:1065700001F086F90346002B24D1386B00F0CDFBE7
:106580000346002B18D03B6B10337A68114618462F
:1065900001F0AAF8386B00F058FB00F0CFFE03467C
:1065A000002B7FF47CAF0C4B4FF080521A60BFF38E
:1065B0004F8FBFF36F8F72E7386B00F046FB00F030
:1065C000BDFE6CE7386B00F040FB00F0B7FE002327
:1065D00018463837BD4680BD04ED00E080B590B068
:1065E00000AFF860B9607A603B60FB68BB63BB6B6F
:1065F000002B0BD14FF0500383F31188BFF36F8F43
:10660000BFF34F8FBB6200BF00BFFDE7BB68002B2D
:1066100003D1BB6B1B6C002B01D1012300E00023D5
:10662000002B0BD14FF0500383F31188BFF36F8F12
:10663000BFF34F8F7B6200BF00BFFDE73B68022BBB
:1066400003D1BB6BDB6B012B01D1012300E00023E5
:10665000002B0BD14FF0500383F31188BFF36F8FE2
:10666000BFF34F8F3B6200BF00BFFDE702F048F968
:10667000EFF311824FF0500383F31188BFF36F8F54
:10668000BFF34F8FFA61BB61FB697B63BB6B9A6B96
:10669000BB6BDB6B9A4202D33B68022B2FD1BB6BE7
:1066A00093F8453087F83330BB6B9B6BFB623A68DD
:1066B000B968B86B00F039FA97F93330B3F1FF3F9E
:1066C00012D1BB6B5B6A002B16D0BB6B2433184610
:1066D00001F05CF80346002B0ED07B68002B0BD03A
:1066E0007B6801221A6007E097F833300133DBB290
:1066F0005AB2BB6B83F845200123FB6301E0002302
:10670000FB637B6B7B617B6983F3118800BFFB6B51
:1067100018464037BD4680BD80B58CB000AFF860EC
:10672000B9607A600023FB62FB68BB62BB6A002B26
:106730000BD14FF0500383F31188BFF36F8FBFF37A
:106740004F8F3B6200BF00BFFDE7BB68002B03D14A
:10675000BB6A1B6C002B01D1012300E00023002B3E
:106760000BD14FF0500383F31188BFF36F8FBFF34A
:106770004F8FFB6100BF00BFFDE701F0D5F9034675
:10678000002B02D17B68002B01D1012300E0002304
:10679000002B0BD14FF0500383F31188BFF36F8FA1
:1067A000BFF34F8FBB6100BF00BFFDE701F0E6FF05
:1067B000BB6A9B6B7B627B6A002B1FD0B968B86A8F
:1067C00000F01DFA7B6A5A1EBB6A9A63BB6A1B699A
:1067D000002B0FD0BB6A1033184600F0D7FF0346DA
:1067E000002B07D03C4B4FF080521A60BFF34F8F05
:1067F000BFF36F8F01F0F2FF012369E07B68002B8C
:1068000003D101F0EBFF002362E0FB6A002B06D10D
:1068100007F11003184601F01DF80123FB6201F097
:10682000DDFF00F07DFD01F0A9FFBB6A93F8443065
:106830005BB2B3F1FF3F03D1BB6A002283F844206F
:10684000BB6A93F845305BB2B3F1FF3F03D1BB6A3B
:10685000002283F8452001F0C1FF3A1D07F1100323
:106860001146184601F00CF80346002B23D1B86AF4
:1068700000F03DFA0346002B17D0BB6A24337A6838
:106880001146184600F030FFB86A00F0DEF900F05B
:1068900055FD0346002B89D10F4B4FF080521A60F3
:1068A000BFF34F8FBFF36F8F80E7B86A00F0CDF969
:1068B00000F044FD7AE7B86A00F0C7F900F03EFD49
:1068C000B86A00F014FA0346002B3FF46FAF0023C0
:1068D00018463037BD4680BD04ED00E080B58EB06F
:1068E00000AF7860396000237B637B68FB62002324
:1068F0003B63FB6A002B0BD14FF0500383F31188ED
:10690000BFF36F8FBFF34F8F3B6200BF00BFFDE748
:10691000FB6A1B6C002B0BD04FF0500383F31188E4
:10692000BFF36F8FBFF34F8FFB6100BF00BFFDE769
:1069300001F0FAF80346002B02D13B68002B01D18D
:10694000012300E00023002B0BD14FF0500383F311
:106950001188BFF36F8FBFF34F8FBB6100BF00BFC4
:10696000FDE701F00BFFFB6A9B6BBB62BB6A002B70
:1069700024D0BB6A5A1EFB6A9A63FB6A1B68002B11
:1069800004D101F04BFA0246FB6A9A60FB6A1B696C
:10699000002B0FD0FB6A1033184600F0F7FE0346B9
:1069A000002B07D0544B4FF080521A60BFF34F8F2B
:1069B000BFF36F8F01F012FF012398E03B68002BBB
:1069C00012D13B6B002B0BD04FF0500383F3118897
:1069D000BFF36F8FBFF34F8F7B6100BF00BFFDE739
:1069E00001F0FCFE002382E07B6B002B06D107F157
:1069F0000C03184600F02EFF01237B6301F0EEFE2E
:106A000000F08EFC01F0BAFEFB6A93F844305BB2F2
:106A1000B3F1FF3F03D1FB6A002283F84420FB6AF5
:106A200093F845305BB2B3F1FF3F03D1FB6A00221C
:106A300083F8452001F0D2FE3A4607F10C031146D7
:106A4000184600F01DFF0346002B32D1F86A00F013
:106A50004EF90346002B26D0FB6A1B68002B09D198
:106A600001F08CFEFB6A9B68184601F07BF83863E6
:106A700001F0B4FEFB6A24333A681146184600F070
:106A800033FEF86A00F0E1F800F058FC0346002BF2
:106A90007FF467AF184B4FF080521A60BFF34F8FEF
:106AA000BFF36F8F5DE7F86A00F0CFF800F046FCA7
:106AB00057E7F86A00F0C9F800F040FCF86A00F007
:106AC00016F90346002B3FF44CAF3B6B002B0DD067
:106AD00001F054FEF86A00F011F87862FB6A9B68D6
:106AE000796A184601F016F901F078FE002318467D
:106AF0003837BD4680BD00BF04ED00E080B485B0EE
:106B000000AF78607B685B6A002B06D07B681B6BEC
:106B10001B68C3F13803FB6001E00023FB60FB68E6
:106B200018461437BD4680BC704780B586B000AFAC
:106B3000F860B9607A6000237B61FB689B6B3B6106
:106B4000FB681B6C002B0DD1FB681B68002B4DD123
:106B5000FB689B68184601F06DF87861FB680022BD
:106B60009A6043E07B68002B19D1FB685868FB688A
:106B70001B6C1A46B96802F021F9FB685A68FB6879
:106B80001B6C1A44FB685A60FB685A68FB689B6878
:106B90009A422BD3FB681A68FB685A6026E0FB68B0
:106BA000D868FB681B6C1A46B96802F007F9FB68E5
:106BB000DA68FB681B6C5B421A44FB68DA60FB68AE
:106BC000DA68FB681B689A4207D2FB689A68FB6820
:106BD0001B6C5B421A44FB68DA607B68022B05D1B0
:106BE0003B69002B02D03B69013B3B613B695A1C6E
:106BF000FB689A637B6918461837BD4680BD80B52F
:106C000082B000AF786039607B681B6C002B18D0B5
:106C10007B68DA687B681B6C1A447B68DA607B6887
:106C2000DA687B689B689A4203D37B681A687B6842
:106C3000DA607B68D9687B681B6C1A46386802F09A
:106C4000BDF800BF0837BD4680BD80B584B000AF39
:106C5000786001F093FD7B6893F84530FB7311E099
:106C60007B685B6A002B12D07B682433184600F0E7
:106C70008DFD0346002B01D000F066FEFB7B013B3F
:106C8000DBB2FB7397F90F30002BE9DC00E000BFAB
:106C90007B68FF2283F8452001F0A0FD01F06EFD26
:106CA0007B6893F84430BB7311E07B681B69002B51
:106CB00012D07B681033184600F068FD0346002BA5
:106CC00001D000F041FEBB7B013BDBB2BB7397F907
:106CD0000E30002BE9DC00E000BF7B68FF2283F868
:106CE000442001F07BFD00BF1037BD4680BD80B55C
:106CF00084B000AF786001F041FD7B689B6B002B96
:106D000002D10123FB6001E00023FB6001F066FD7E
:106D1000FB6818461037BD4680BD80B584B000AF13
:106D2000786001F02BFD7B689A6B7B68DB6B9A4285
:106D300002D10123FB6001E00023FB6001F04EFD66
:106D4000FB6818461037BD4680BD000080B485B092
:106D500000AF786039600023FB6014E00E4AFB68E6
:106D600052F83330002B0BD10B49FB683A6841F8DD
:106D70003320094AFB68DB0013447A685A6006E056
:106D8000FB680133FB60FB68072BE7D900BF00BF3E
:106D90001437BD4680BC7047880D002080B586B092
:106DA00000AFF860B9607A60FB687B6101F0E6FCD7
:106DB0007B6993F844305BB2B3F1FF3F03D17B6949
:106DC000002283F844207B6993F845305BB2B3F12D
:106DD000FF3F03D17B69002283F8452001F0FEFCD0
:106DE0007B699B6B002B06D17B6924337A68B96879
:106DF000184600F09FFC7869FFF727FF00BF18379F
:106E0000BD4680BD80B58EB004AFF860B9607A60D1
:106E10003B607B6B002B0BD14FF0500383F3118849
:106E2000BFF36F8FBFF34F8F3B6200BF00BFFDE723
:106E3000BB6B002B0BD14FF0500383F31188BFF3D2
:106E40006F8FBFF34F8FFB6100BF00BFFDE75C2377
:106E50003B613B695C2B0BD04FF0500383F31188EF
:106E6000BFF36F8FBFF34F8FBB6100BF00BFFDE764
:106E70003B69BB6B002B1ED07B6B002B1BD0BB6B0D
:106E80007B627B6A7A6B1A637B6A022283F85920E1
:106E9000002303937B6A029307F1140301933B6B76
:106EA00000933B687A68B968F86800F050F8786A2F
:106EB00000F0DEF801E000237B617B69184628378B
:106EC000BD4680BD80B58CB004AFF860B9603B6052
:106ED0001346FB80FB889B00184601F051FD78614A
:106EE0007B69002B0ED05C2001F04AFDF861FB6944
:106EF000002B03D0FB697A691A6305E0786901F019
:106F00000DFE01E00023FB61FB69002B17D0FB693C
:106F1000002283F85920FA8800230393FB69029327
:106F2000FB6A0193BB6A00933B68B968F86800F09C
:106F30000EF8F86900F09CF80123BB6102E04FF005
:106F4000FF33BB61BB6918462037BD4680BD80B5A5
:106F500088B000AFF860B9607A603B603B6B186B3B
:106F60007B689B001A46A52101F0F6FE3B6B1A6B6D
:106F70007B6803F18043013B9B001344BB61BB6909
:106F800023F00703BB61BB6903F00703002B0BD0A1
:106F90004FF0500383F31188BFF36F8FBFF34F8F10
:106FA0007B6100BF00BFFDE7BB68002B1FD0002343
:106FB000FB6112E0BA68FB69134419783A6BFB690C
:106FC000134434330A461A70BA68FB6913441B78B9
:106FD000002B06D0FB690133FB61FB690F2BE9D95C
:106FE00000E000BF3B6B002283F8432003E03B6BD3
:106FF000002283F83420BB6A372B01D93723BB62C8
:107000003B6BBA6ADA623B6BBA6ADA643B6B0022AA
:107010001A653B6B04331846FEF74FFF3B6B183382
:107020001846FEF74AFF3B6B3A6B1A61BB6AC3F125
:1070300038023B6B9A613B6B3A6B5A623B6B0022A6
:107040005A653B6B002283F858203A68F968B869A2
:1070500001F0A4FA02463B6B1A60FB6A002B02D0D7
:10706000FB6A3A6B1A6000BF2037BD4680BD000046
:1070700080B582B000AF786001F080FB2D4B1B68BB
:1070800001332C4A13602C4B1B68002B09D12A4A70
:107090007B681360274B1B68012B10D100F078FC34
:1070A0000DE0264B1B68002B09D1234B1B68DA6AC5
:1070B0007B68DB6A9A4202D81F4A7B681360204BC8
:1070C0001B6801331E4A13601D4B1A687B685A64A3
:1070D0007B68DA6A1B4B1B689A4203D97B68DB6AC0
:1070E000184A13607B68DA6A13469B0013449B00BE
:1070F000154A1A447B68043319461046FEF7E9FE28
:1071000001F06CFB0D4B1B68002B0ED00A4B1B686B
:10711000DA6A7B68DB6A9A4207D20C4B4FF08052E6
:107120001A60BFF34F8FBFF36F8F00BF0837BD46A4
:1071300080BD00BF9C120020C80D0020A8120020B6
:10714000B8120020A4120020CC0D002004ED00E0B5
:1071500080B58AB000AF7860396000237B627B68BD
:10716000002B0BD14FF0500383F31188BFF36F8FC7
:10717000BFF34F8F7B6100BF00BFFDE73B68002B73
:107180000BD14FF0500383F31188BFF36F8FBFF320
:107190004F8F3B6100BF00BFFDE72A4B1B68002BF0
:1071A0000BD04FF0500383F31188BFF36F8FBFF301
:1071B0004F8FFB6000BF00BFFDE700F0B1F8224B2E
:1071C0001B683B627B681B683A681344FB617B6801
:1071D0001B683A6A9A420BD27B681B68FA699A422A
:1071E00011D2FA693B6A9A420DD901237B620AE007
:1071F0007B681B68FA699A4203D3FA693B6A9A4230
:1072000001D901237B627B68FA691A607B6A002BD3
:1072100006D0FA693B6AD31A0021184600F012FE24
:1072200000F08CF8B861BB69002B07D1074B4FF019
:1072300080521A60BFF34F8FBFF36F8F00BF2837A4
:10724000BD4680BDC4120020A012002004ED00E065
:1072500080B58AB004AF0023BB6000237B603A4650
:10726000391D07F108031846FEF7D6FD39687B681B
:10727000BA68029201930023009300230A46224930
:107280002248FFF7BFFD0346214A1360204B1B68CD
:10729000002B02D001237B6101E000237B617B692D
:1072A000012B02D100F022FE78617B69012B16D1FF
:1072B0004FF0500383F31188BFF36F8FBFF34F8FED
:1072C0003B6100BF134B4FF0FF321A60124B01229B
:1072D0001A60124B00221A6001F0DEF90FE07B69A0
:1072E000B3F1FF3F0BD14FF0500383F31188BFF38D
:1072F0006F8FBFF34F8FFB6000BF00BFFDE700BF84
:107300001837BD4680BD00BF389700086179000876
:10731000C0120020BC120020A8120020A0120020E1
:1073200080B400AF044B1B680133034A136000BFF5
:10733000BD4680BC704700BFC412002080B584B039
:1073400000AF0023FB600023BB60424B1B68002B97
:107350000BD14FF0500383F31188BFF36F8FBFF34E
:107360004F8F3B6000BF00BFFDE701F007FA394BCC
:107370001B68013B374A1360364B1B68002B62D1F8
:10738000354B1B68002B5ED02FE0344BDB68DB688D
:10739000FB60FB6818331846FEF7F6FDFB68043304
:1073A0001846FEF7F1FDFB68DA6A2D4B1B689A421E
:1073B00003D9FB68DB6A2A4A1360FB68DA6A134662
:1073C0009B0013449B00274A1A44FB680433194668
:1073D0001046FEF77EFDFB68DA6A234B1B68DB6A0A
:1073E0009A4202D3214B01221A601C4B1B68002BCE
:1073F000CBD1FB68002B01D000F068FB1C4B1B6855
:107400007B607B68002B10D000F056F80346002B01
:1074100002D0164B01221A607B68013B7B607B68BF
:10742000002BF1D1124B00221A60104B1B68002B6D
:1074300009D00123BB600F4B4FF080521A60BFF39D
:107440004F8FBFF36F8F01F0C9F9BB681846103733
:10745000BD4680BDC41200209C1200205C1200209A
:10746000A4120020CC0D0020C80D0020B012002076
:10747000AC12002004ED00E080B483B000AF044BF8
:107480001B687B607B6818460C37BD4680BC704724
:10749000A012002080B582B000AF01F031FA0023C5
:1074A0007B60044B1B683B603B6818460837BD4651
:1074B00080BD00BFA012002080B586B000AF0023C1
:1074C0007B614F4B1B68002B40F090804D4B1B683D
:1074D00001333B614B4A3B6913603B69002B21D16F
:1074E000494B1B681B68002B0BD04FF0500383F3F4
:1074F0001188BFF36F8FBFF34F8F3B6000BF00BF9A
:10750000FDE7414B1B68FB60404B1B683E4A136024
:107510003E4AFB6813603E4B1B6801333C4A1360D4
:1075200000F0D4FA3B4B1B683A699A4249D3364B78
:107530001B681B68002B04D1364B4FF0FF321A60DA
:107540003FE0314B1B68DB68DB68BB60BB685B6896
:107550007B603A697B689A4203D22E4A7B6813604B
:107560002FE0BB6804331846FEF70EFDBB689B6A2C
:10757000002B04D0BB6818331846FEF705FDBB6826
:10758000DA6A254B1B689A4203D9BB68DB6A224A38
:107590001360BB68DA6A13469B0013449B001F4AC2
:1075A0001A44BB68043319461046FEF792FCBB68C8
:1075B000DA6A1B4B1B68DB6A9A42B8D301237B61F2
:1075C000B5E7174B1B68DA6A144913469B0013444E
:1075D0009B000B441B68012B01D901237B61114BDC
:1075E0001B68002B07D001237B6104E00E4B1B6856
:1075F00001330D4A13607B6918461837BD4680BDBC
:10760000C4120020A01200205412002058120020A2
:10761000B4120020BC120020A4120020CC0D0020C7
:10762000C80D0020B0120020AC12002080B485B03C
:1076300000AF284B1B68002B03D0274B01221A6098
:1076400042E0254B00221A60244B1B68FB6011E0CE
:10765000FB68002B0BD14FF0500383F31188BFF36D
:107660006F8FBFF34F8F7B6000BF00BFFDE7FB68EC
:10767000013BFB601A49FA6813469B0013449B00C8
:107680000B441B68002BE3D0FA6813469B0013449D
:107690009B00134A1344BB60BB685B685A68BB68B5
:1076A0005A60BB685A68BB6808339A4204D1BB6809
:1076B0005B685A68BB685A60BB685B68DB68094AEC
:1076C0001360064AFB68136000BF1437BD4680BCD8
:1076D000704700BFC4120020B0120020A412002086
:1076E000CC0D0020C80D002080B584B000AF7860BC
:1076F00039607B68002B0BD14FF0500383F3118866
:10770000BFF36F8FBFF34F8FFB6000BF00BFFDE77C
:10771000074B1B68183319467868FEF7FDFB0121FB
:10772000386800F08FFB00BF1037BD4680BD00BF3A
:10773000C80D002080B586B000AFF860B9607A60EF
:10774000FB68002B0BD14FF0500383F31188BFF37C
:107750006F8FBFF34F8F7B6100BF00BFFDE70A4B08
:107760001B6818331946F868FEF7B3FB7B68002BDB
:1077700002D04FF0FF33BB607968B86800F062FB5D
:1077800000BF1837BD4680BDC80D002080B586B04B
:1077900000AF78607B68DB68DB683B613B69002B8E
:1077A0000BD14FF0500383F31188BFF36F8FBFF3FA
:1077B0004F8FFB6000BF00BFFDE73B6918331846E1
:1077C000FEF7E2FB1D4B1B68002B1DD13B69043308
:1077D0001846FEF7D9FB3B69DA6A194B1B689A42D7
:1077E00003D93B69DB6A164A13603B69DA6A1346C0
:1077F0009B0013449B00134A1A443B690433194607
:107800001046FEF766FB05E03B69183319460E4843
:10781000FEF75FFB3B69DA6A0C4B1B68DB6A9A4236
:1078200005D901237B610A4B01221A6001E0002384
:107830007B617B6918461837BD4680BDC4120020A5
:10784000A4120020CC0D00205C120020C80D0020E6
:10785000B012002080B483B000AF7860064B1A6885
:107860007B681A60054B1A687B685A6000BF0C374A
:10787000BD4680BC704700BFB4120020A01200209B
:1078800080B588B000AF786039607B68002B0BD181
:107890004FF0500383F31188BFF36F8FBFF34F8F07
:1078A0003B6100BF00BFFDE73B68002B0BD14FF0F1
:1078B000500383F31188BFF36F8FBFF34F8FFB60CB
:1078C00000BF00BFFDE700F059FF1D4B1B68BB6107
:1078D0007B685B68BA69D31A7B613B681B68B3F14C
:1078E000FF3F02D10023FB6123E07B681A68154B40
:1078F0001B689A4207D07B685B68BA699A4202D3D8
:107900000123FB6115E03B681B687A699A420BD240
:107910003B681A687B69D21A3B681A607868FFF77F
:1079200099FF0023FB6104E03B6800221A600123F9
:10793000FB6100F053FFFB6918462037BD4680BD50
:10794000A0120020B412002080B400AF034B01222B
:107950001A6000BFBD4680BC704700BFB012002057
:1079600080B582B000AF786000F052F8064B1B681B
:10797000012BF9D9054B4FF080521A60BFF34F8F9E
:10798000BFF36F8FF0E700BFCC0D002004ED00E0E7
:1079900080B582B000AF00237B600CE07A681346AC
:1079A0009B0013449B00124A13441846FEF766FAE4
:1079B0007B6801337B607B68372BEFD90D48FEF77E
:1079C0005DFA0D48FEF75AFA0C48FEF757FA0C48D4
:1079D000FEF754FA0B48FEF751FA0B4B054A1A60B2
:1079E0000A4B054A1A6000BF0837BD4680BD00BF7C
:1079F000CC0D00202C120020401200205C12002030
:107A0000701200208812002054120020581200200A
:107A100080B582B000AF19E000F0B0FE104BDB681B
:107A2000DB687B607B6804331846FEF7ADFA0D4BCC
:107A30001B68013B0B4A13600B4B1B68013B0A4A56
:107A4000136000F0CBFE786800F010F8064B1B685E
:107A5000002BE1D100BF00BF0837BD4680BD00BF8D
:107A6000701200209C1200208412002080B584B087
:107A700000AF78607B6893F85930002B08D17B68A1
:107A80001B6B184601F04AF8786801F047F819E0D6
:107A90007B6893F85930012B03D1786801F03EF8E8
:107AA00010E07B6893F85930022B0BD04FF0500355
:107AB00083F31188BFF36F8FBFF34F8FFB6000BF5D
:107AC00000BFFDE700BF1037BD4680BD80B483B066
:107AD00000AF0C4B1B681B68002B04D10A4B4FF006
:107AE000FF321A6008E0074B1B68DB68DB687B60CD
:107AF0007B685B68044A136000BF0C37BD4680BCDE
:107B0000704700BF54120020BC12002080B483B024
:107B100000AF044B1B687B607B6818460C37BD4682
:107B200080BC7047C80D002080B483B000AF0B4B01
:107B30001B68002B02D101237B6008E0084B1B6807
:107B4000002B02D102237B6001E000237B607B6875
:107B500018460C37BD4680BC704700BFA8120020F5
:107B6000C412002080B584B000AF78607B68BB6031
:107B70000023FB607B68002B51D0BB68DA6A2A4B7C
:107B80001B68DB6A9A4241D2BB689B69002B06DB0B
:107B9000254B1B68DB6AC3F13802BB689A61BB687E
:107BA0005969BB68DA6A13469B0013449B001F4A5D
:107BB0001344994222D1BB6804331846FEF7E4F916
:107BC000194B1B68DA6ABB68DA62BB68DA6A184B61
:107BD0001B689A4203D9BB68DB6A154A1360BB680D
:107BE000DA6A13469B0013449B00104A1A44BB6890
:107BF000043319461046FEF76CF904E00A4B1B6883
:107C0000DA6ABB68DA620123FB6008E0BB68DA6C01
:107C1000054B1B68DB6A9A4201D20123FB60FB68BB
:107C200018461037BD4680BDC80D0020CC0D002081
:107C3000A412002080B586B000AF78607B683B61FD
:107C400000237B617B68002B58D02F4B1B683A695F
:107C50009A420BD04FF0500383F31188BFF36F8F1C
:107C6000BFF34F8FFB6000BF00BFFDE73B691B6D9B
:107C7000002B0BD14FF0500383F31188BFF36F8FAC
:107C8000BFF34F8FBB6000BF00BFFDE73B691B6DBB
:107C90005A1E3B691A653B69DA6A3B69DB6C9A429A
:107CA0002CD03B691B6D002B28D13B69043318464F
:107CB000FEF76AF93B69DA6C3B69DA623B69DB6AB9
:107CC000C3F138023B699A613B69DA6A0F4B1B6862
:107CD0009A4203D93B69DB6A0C4A13603B69DA6A52
:107CE00013469B0013449B00094A1A443B69043322
:107CF00019461046FEF7EDF801237B617B691846B3
:107D00001837BD4680BD00BFC80D0020A41200205A
:107D1000CC0D002080B588B000AF786039607B68FA
:107D2000BB6101237B617B68002B6CD0BB691B6D41
:107D3000002B0BD14FF0500383F31188BFF36F8FEB
:107D4000BFF34F8FFB6000BF00BFFDE7BB69DB6C7B
:107D50003A689A4202D93B68FB6102E0BB69DB6C7E
:107D6000FB61BB69DB6AFA699A424CD0BB691B6D47
:107D70007A699A4247D1264B1B68BA699A420BD15D
:107D80004FF0500383F31188BFF36F8FBFF34F8F12
:107D9000BB6000BF00BFFDE7BB69DB6A3B61BB693D
:107DA000FA69DA62BB699B69002B04DBFB69C3F1EA
:107DB0003802BB699A61BB6959693A6913469B00ED
:107DC00013449B00134A134499421CD1BB690433EA
:107DD0001846FEF7D9F8BB69DA6A0F4B1B689A425E
:107DE00003D9BB69DB6A0C4A1360BB69DA6A1346C4
:107DF0009B0013449B00074A1A44BB69043319468D
:107E00001046FEF766F800BF2037BD4680BD00BFB4
:107E1000C80D0020CC0D0020A412002080B400AFBB
:107E2000074B1B68002B04D0054B1B681A6D0132F1
:107E30001A65034B1B681846BD4680BC704700BFDF
:107E4000C80D002080B584B000AF78603960214B48
:107E50001B68FB60204B1B6804331846FEF794F840
:107E60007B68B3F1FF3F0AD13B68002B07D01A4B68
:107E70001B68043319461948FEF72BF826E0FA6808
:107E80007B681344BB60144B1B68BA685A60BA68BD
:107E9000FB689A4209D2124B1A680F4B1B680433D5
:107EA00019461046FEF738F810E00E4B1A680A4BD8
:107EB0001B68043319461046FEF72EF80A4B1B6860
:107EC000BA689A4202D2084ABB68136000BF1037F2
:107ED000BD4680BDA0120020C80D002088120020E1
:107EE0005812002054120020BC12002080B58AB025
:107EF00004AF00237B6100F011FB1D4B1B68002BBE
:107F000021D00023FB600023BB603A1D07F108016C
:107F100007F10C031846FDF797FF7968BB68FA680C
:107F2000029201930223009300230A46114912484A
:107F3000FEF768FF0346114A1360104B1B68002BC5
:107F400001D001237B617B69002B0BD14FF05003E3
:107F500083F31188BFF36F8FBFF34F8F3B6100BF77
:107F600000BFFDE77B6918461837BD4680BD00BFDE
:107F7000F812002040970008B9800008FC12002089
:107F800080B58AB000AFF860B9607A603B600023CA
:107F90007B62FB68002B0BD14FF0500383F31188F9
:107FA000BFF36F8FBFF34F8F3B6200BF00BFFDE792
:107FB000194B1B68002B2AD0BB683B617B687B6137
:107FC000FB68BB61BB68052B18DCFFF7ADFD034602
:107FD000022B09D1104B186807F1100100233A6BEE
:107FE000FEF7FAF9786212E00B4B186807F11001FE
:107FF00000230022FEF7F0F9786208E0064B1868CB
:1080000007F1100100233A68FEF7E8FA78627B6A0C
:1080100018462837BD4680BDF812002080B588B0CC
:1080200002AF78603960234B1B68DB68DB687B61DB
:108030007B6904331846FDF7A7FF7B6993F8283066
:1080400003F00403002B23D07B699A697B68D11865
:108050007B683A68786900F0D3F80346002B20D09B
:108060000023009300237A6800217869FFF788FFD6
:1080700038613B69002B14D14FF0500383F3118812
:10808000BFF36F8FBFF34F8FFB6000BF00BFFDE7F3
:108090007B6993F8283023F00103DAB27B6983F817
:1080A00028207B691B6A7869984700BF1837BD464E
:1080B00080BD00BFF012002080B584B000AF7860B2
:1080C00007F10803184600F059F8F860BB68194634
:1080D000F86800F005F800F0D5F800BFF0E7000000
:1080E00080B584B000AF78603960FFF719F907F107
:1080F0000803184600F064F8F860BB68002B30D124
:108100003B68002B0AD17A68FB689A4206D8FFF7D1
:1081100015F9F9687868FFF781FF24E03B68002BC8
:1081200008D0134B1B681B68002B01D1012300E012
:1081300000233B600F4B18687A68FB68D31A3A68D3
:108140001946FEF72BFEFFF7F9F80346002B0AD17C
:10815000094B4FF080521A60BFF34F8FBFF36F8F00
:1081600001E0FFF7EBF800BF1037BD4680BD00BF50
:10817000F4120020F812002004ED00E080B485B075
:1081800000AF78600D4B1B681B68002B01D10122EA
:1081900000E000227B681A607B681B68002B05D119
:1081A000064B1B68DB681B68FB6001E00023FB607B
:1081B000FB6818461437BD4680BC7047F01200209B
:1081C00080B584B000AF7860FFF756F9F8600B4BCC
:1081D0001B68FA689A4205D200F03AF97B680122DE
:1081E0001A6002E07B6800221A60044AFB68136090
:1081F000FB6818461037BD4680BD00BF0013002045
:1082000080B586B000AFF860B9607A603B6000234B
:108210007B61FB68BA685A60FB68FA681A61BA68E1
:108220007B689A4212D87A683B68D21AFB689B69CD
:108230009A4202D301237B611BE0104B1A68FB6852
:10824000043319461046FDF767FE12E07A683B6872
:108250009A4206D2BA683B689A4202D301237B61F4
:1082600007E0074B1A68FB68043319461046FDF710
:1082700053FE7B6918461837BD4680BDF4120020B6
:10828000F012002080B58EB002AFCEE07B68002BEC
:1082900019DA3B1D0433FB62FB6A002B0BD14FF054
:1082A000500383F31188BFF36F8FBFF34F8FFB61D0
:1082B00000BF00BFFDE7FB6A1B68FA6A5068FA6AF4
:1082C0009268114698477B68002BC0F2AE80FB682D
:1082D000BB62BB6A5B69002B04D0BB6A04331846DF
:1082E000FDF752FE3B461846FFF76AFF78627B684F
:1082F000092B00F2978001A252F823F02583000891
:1083000025830008258300089B830008AF830008AD
:10831000FB83000825830008258300089B83000851
:10832000AF830008BB6A93F8283043F00103DAB248
:10833000BB6A83F82820BA68BB6A9B69D118BB68FE
:108340007A6AB86AFFF75CFF0346002B6CD0BB6A01
:108350001B6AB86A9847BB6A93F8283003F0040395
:10836000002B61D0BA68BB6A9B691A440023009352
:1083700000230021B86AFFF703FE38623B6A002B36
:1083800052D14FF0500383F31188BFF36F8FBFF3C7
:108390004F8FBB6100BF00BFFDE7BB6A93F8283079
:1083A00023F00103DAB2BB6A83F828203DE0BB6A00
:1083B00093F8283043F00103DAB2BB6A83F828202F
:1083C000BA68BB6A9A61BB6A9B69002B0BD14FF0FC
:1083D000500383F31188BFF36F8FBFF34F8F7B611F
:1083E00000BF00BFFDE7BB6A9A697B6AD1187B6A50
:1083F0007A6AB86AFFF704FF17E0BB6A93F828307F
:1084000003F00203002B03D1B86A00F087FB0CE0F5
:10841000BB6A93F8283023F00103DAB2BB6A83F811
:10842000282002E000BF00E000BF084B1B68391D98
:1084300000221846FEF770F90346002B7FF426AFA2
:1084400000BF00BF3037BD4680BD00BFF81200201E
:1084500080B588B002AF49E02E4B1B68DB681B6813
:108460003B612C4B1B68DB68DB68FB60FB680433FB
:108470001846FDF789FDFB681B6AF8689847FB689A
:1084800093F8283003F00403002B2FD0FB689B697E
:108490003A691344BB60BA683B699A420ED9FB68DB
:1084A000BA685A60FB68FA681A611A4B1A68FB6866
:1084B000043319461046FDF72FFD17E00023009303
:1084C00000233A690021F868FFF75AFD78607B685D
:1084D000002B0BD14FF0500383F31188BFF36F8F44
:1084E000BFF34F8F3B6000BF00BFFDE7094B1B6828
:1084F0001B68002BB0D1074B1B687B61064B1B68C8
:10850000044A1360044A7B69136000BF1837BD46F4
:1085100080BD00BFF0120020F412002080B582B0B0
:1085200002AF00F02BF9154B1B68002B20D114482B
:10853000FDF7A4FC1348FDF7A1FC134B104A1A6089
:10854000124B104A1A6000230093114B114A10215C
:108550000A20FDF7ADFD0346084A1360074B1B6870
:10856000002B05D0054B1B680B491846FEF7EEFBA8
:1085700000F034F900BFBD4680BD00BFF8120020F6
:10858000C8120020DC120020F0120020F41200209B
:10859000A4130020041300204897000880B485B07D
:1085A00000AFF860B9607A60FB68043BFB60FB6871
:1085B0004FF080721A60FB68043BFB60BB6823F0DD
:1085C0000102FB681A60FB68043BFB60084AFB6819
:1085D0001A60FB68143BFB607A68FB681A60FB68F2
:1085E000203BFB60FB6818461437BD4680BC7047D3
:1085F000F585000880B485B000AF00237B60124B86
:108600001B68B3F1FF3F0BD04FF0500383F3118889
:10861000BFF36F8FBFF34F8FFB6000BF00BFFDE75D
:108620004FF0500383F31188BFF36F8FBFF34F8F69
:10863000BB6000BF00BF7B68002BFCD000BF00BF49
:108640001437BD4680BC70471000002000000000B9
:10865000074B19680868B0E8F00F80F30988BFF38A
:108660006F8F4FF0000080F311884EF00D0E7047B1
:10867000C80D002000BF00BF06480068006880F3F6
:10868000088862B661B6BFF34F8FBFF36F8F00DF0C
:1086900000BF00BF08ED00E080B584B000AF324BF2
:1086A000FB60FB681B78DBB27B60FB68FF221A7003
:1086B000FB681B78DBB2FB70FB78DBB203F0500386
:1086C000DAB22A4B1A702A4B07221A6009E0284BAB
:1086D0001B68013B264A1360FB78DBB25B00DBB210
:1086E000FB70FB78DBB203F08003802BEFD0204BD4
:1086F0001B68C3F10703042B0BD04FF0500383F327
:108700001188BFF36F8FBFF34F8FBB6000BF00BFF7
:10871000FDE7174B1B681B02154A1360144B1B68BF
:1087200003F4E063124A13607B68DAB2FB681A70E4
:10873000104B1B680F4A43F4700313600D4B1B680A
:108740000C4A43F07043136000F0B8F80A4B002263
:108750001A60FFF791FFFEF769FFFFF74BFF002359
:1087600018461037BD4680BD00E400E0F413002039
:10877000F813002020ED00E01000002080B483B04A
:1087800000AF4FF0500383F31188BFF36F8FBFF337
:108790004F8F7B6000BF0F4B1B6801330D4A136086
:1087A0000C4B1B68012B10D10B4B1B68DBB2002B51
:1087B0000BD04FF0500383F31188BFF36F8FBFF3DB
:1087C0004F8F3B6000BF00BFFDE700BF0C37BD46C9
:1087D00080BC70471000002004ED00E080B483B03E
:1087E00000AF124B1B68002B0BD14FF0500383F3EB
:1087F0001188BFF36F8FBFF34F8F7B6000BF00BF47
:10880000FDE70A4B1B68013B084A1360074B1B68D6
:10881000002B05D100233B603B6883F3118800BF28
:1088200000BF0C37BD4680BC704700BF1000002061
:10883000EFF30980BFF36F8F0D4B1A6820E9F00F3B
:1088400010602DE908404FF0500080F31188FEF7CA
:10885000EDFE4FF0000080F31188BDE80840196874
:108860000868B0E8F00F80F30988BFF36F8F704796
:10887000C80D002000BF00BF80B582B000AF4FF030
:10888000500383F31188BFF36F8FBFF34F8F7B606B
:1088900000BFFEF711FE0346002B03D0064B4FF03E
:1088A00080521A6000233B603B6883F3118800BF4D
:1088B00000BF0837BD4680BD04ED00E080B400AFC6
:1088C0000A4B00221A600A4B00221A60094B1B68EF
:1088D000094AA2FB03239B09084A013B1360034B8F
:1088E00007221A6000BFBD4680BC704710E000E060
:1088F00018E000E004000020D34D621014E000E016
:1089000080B485B000AFEFF30583FB60FB680F2BED
:1089100015D9174AFB6813441B78FB72154B1B785B
:10892000FA7A9A420BD24FF0500383F31188BFF3C7
:108930006F8FBFF34F8F7B6000BF00BFFDE70E4B13
:108940001B6803F4E0620D4B1B689A420BD94FF091
:10895000500383F31188BFF36F8FBFF34F8F3B60DA
:1089600000BF00BFFDE700BF1437BD4680BC7047A5
:10897000F0E300E0F41300200CED00E0F813002019
:1089800080B58AB000AF78600023FB61FEF7C8FCB9
:108990005C4B1B68002B01D100F024F95A4B1A687C
:1089A0007B681340002B40F095807B68002B1ED025
:1089B00008227B6813447B607B6803F00703002B6D
:1089C00015D07B6823F0070308337B607B6803F0D6
:1089D0000703002B0BD04FF0500383F31188BFF334
:1089E0006F8FBFF34F8F7B6100BF00BFFDE77B68D8
:1089F000002B6FD0454B1B687A689A426AD8444B6B
:108A00003B62434B1B687B6204E07B6A3B627B6A90
:108A10001B687B627B6A5B687A689A4203D97B6ACF
:108A20001B68002BF1D1374B1B687A6A9A4251D0F0
:108A30003B6A1B6808221344FB617B6A1A683B6A25
:108A40001A607B6A5A687B68D21A08235B009A42D4
:108A500020D97A6A7B681344BB61BB6903F00703C2
:108A6000002B0BD04FF0500383F31188BFF36F8FAF
:108A7000BFF34F8F3B6100BF00BFFDE77B6A5A68C1
:108A80007B68D21ABB695A607B6A7A685A60B86997
:108A900000F00AF91D4B1A687B6A5B68D31A1B4AFF
:108AA00013601A4B1A681B4B1B689A4203D2174B70
:108AB0001B68184A13607B6A5A68134B1B681A4379
:108AC0007B6A5A607B6A00221A60134B1B68013371
:108AD000114A1360FEF732FCFB6903F00703002B19
:108AE0000BD04FF0500383F31188BFF36F8FBFF3A8
:108AF0004F8FFB6000BF00BFFDE7FB6918462837BA
:108B0000BD4680BD04200020182000200820002041
:108B1000FC1F00200C2000201020002080B586B013
:108B200000AF78607B687B617B68002B4FD00823A7
:108B30005B427A6913447B617B693B613B695A689C
:108B4000254B1B681340002B0BD14FF0500383F3D0
:108B50001188BFF36F8FBFF34F8FFB6000BF00BF63
:108B6000FDE73B691B68002B0BD04FF0500383F3EC
:108B70001188BFF36F8FBFF34F8FBB6000BF00BF83
:108B8000FDE73B695A68144B1B681340002B1ED04D
:108B90003B691B68002B1AD13B695A680E4B1B6856
:108BA000DB431A403B695A60FEF7BAFB3B695A68DF
:108BB0000A4B1B681344094A1360386900F074F8C3
:108BC000074B1B680133064A1360FEF7B7FB00BF73
:108BD0001837BD4680BD00BF1820002008200020A7
:108BE0001420002080B485B000AF4FF44063BB6018
:108BF000274BFB60FB6803F00703002B0CD0FB68DE
:108C00000733FB60FB6823F00703FB60BA68FB686F
:108C1000D31A1F4A1344BB60FB687B601D4A7B6804
:108C200013601C4B00225A607B68BA681344FB60D7
:108C30000822FB689B1AFB60FB6823F00703FB60BC
:108C4000FB68154A1360144B1B6800225A60124BD4
:108C50001B6800221A607B683B603B68FA68D21A86
:108C60003B685A600C4B1A683B681A603B685B684B
:108C70000A4A13603B685B68094A1360094B4FF06E
:108C800000421A6000BF1437BD4680BC704700BF69
:108C9000FC130020FC1F0020042000200C200020DA
:108CA000082000201820002080B485B000AF786034
:108CB000274BFB6002E0FB681B68FB60FB681B68DE
:108CC0007A689A42F7D8FB68BB60FB685B68BA6851
:108CD00013447A689A4208D1FB685A687B685B68DB
:108CE0001A44FB685A60FB687B607B68BB607B68EA
:108CF0005B68BA681A44FB681B689A4218D1FB6823
:108D00001A68144B1B689A420DD07B685A68FB683E
:108D10001B685B681A447B685A60FB681B681A68AA
:108D20007B681A6008E00B4B1A687B681A6003E0E6
:108D3000FB681A687B681A60FA687B689A4202D0FE
:108D4000FB687A681A6000BF1437BD4680BC704764
:108D5000FC1F00200420002003460244934200D15F
:108D6000704703F8011BF9E7014B1868704700BF13
:108D70001400002070B500260C4D0D4C641BA4108F
:108D8000A64209D100F0BCFC00260A4D0A4C641B27
:108D9000A410A64205D170BD55F8043B9847013692
:108DA000EEE755F8043B98470136F2E708980008CB
:108DB00008980008089800080C9800080A44914296
:108DC00000F1FF3300D1704710B511F8014B91420B
:108DD00003F8014FF9D110BD70B50C46064600F0FE
:108DE00051F8214605462046F7F786FC68BB00216E
:108DF0003046F7F74FFC90B100212046F7F74AFCC8
:108E0000002833D1204600F034F8F0B1002120468C
:108E1000F7F74AFCC8B1FFF7A7FF222314E0284662
:108E200000F027F898B9304600F023F878B12046D2
:108E300000F01FF858B129462846F7F75DFC0028D6
:108E4000E9D0FFF791FF21230360284670BD002180
:108E50002846F7F71FFC0028F7D0304600F009F845
:108E60000028F2D0204600F004F8D3E74FF07E55FA
:108E7000EBE720F00040B0F1FF4FACBF0020012035
:108E8000704700002DE9F04F31F0004B81460F464E
:108E900006460C4687B00CD180F48006760016F5A5
:108EA000000F40F2108339464846F7F757F901465C
:108EB00043E020F00048B8F1FF4F02D8BBF1FF4F6C
:108EC00008D9B6F17E5FEED184F48004640014F515
:108ED000000FE6E700281FDABBF1974F80F0F88219
:108EE000BBF17E5F2FD34FEAEB53C3F196034BFAEE
:108EF00003F505FA03F35B4523D105F00105C5F140
:108F00000205BBF17E5F1FD1002C494615DA4FF0F8
:108F10007E50F7F7DFFACAE7BBF1FF4F11D1B8F186
:108F20007E5F00F0D08204D9002C80F2CF82002135
:108F300003E0002CFBDA07F10041084607B0BDE86A
:108F4000F08F0025DDE70025B4F1804F04D14946BC
:108F50004846F7F70BFAAAE7B4F17C5F40F0BD8210
:108F6000002EC0F2BA82484607B0BDE8F04F00F0CC
:108F700057BB012DE1D101F1004098E7F30F013B10
:108F800003932B4301D14946C5E2BBF19A4F40F20E
:108F90009B80464B984507D8002C0ADA002007B082
:108FA000BDE8F04F00F037BB414B984507D9002C86
:108FB000F4DC002007B0BDE8F04F00F028BB4FF014
:108FC0007E51F7F7C9F83B490646F7F7CFF93A491A
:108FD00080463046F7F7CAF94FF07A51814630465D
:108FE000F7F7C4F901463548F7F7B6F83146F7F711
:108FF000BDF901464FF07C50F7F7AEF83146824696
:109000003046F7F7B3F901465046F7F7AFF92C4968
:10901000F7F7ACF901464846F7F79EF801460646D1
:109020004046F7F79BF820F47F6B2BF00F0B41467F
:109030005846F7F791F801463046F7F78DF8039B4D
:10904000013D6FF30B041D4306462146384614BF0D
:109050004FF07E551B4DF7F77FF85946F7F786F925
:10906000394680463046F7F781F901464046F7F722
:1090700075F8214606465846F7F778F9014607463F
:109080003046F7F76BF800280446804620F000438E
:1090900040F33F81B3F1864F40F2288100212846FA
:1090A000F7F702FB003818BF012078E7F3FF7F3F96
:1090B0000700803F00AAB83F70A5EC36ABAAAA3ED5
:1090C0003BAAB83F000080BF16F0FF4F40F00A8176
:1090D0004FF09741F7F74AF96FF0170282464FEACF
:1090E000EA537F3B1A44954BCAF3160A9A454AF055
:1090F0007E5606DD924B9A4540F3F6800132A6F586
:1091000000060023019305928E4B019A304653F8D6
:1091100022B0B2465946F7F71FF831468146584605
:10912000F7F71CF801464FF07E50F7F7D3F90146E8
:1091300004904846F7F71AF90290029B76106FF3F5
:109140000B03984646F00056019B06F5802606EB79
:10915000435631464046F7F709F901464846F6F7C7
:10916000FBFF594681463046F6F7F6FF014650466A
:10917000F6F7F2FF4146F7F7F9F801464846F6F7E9
:10918000EBFF049B1946F7F7F1F80299834608466E
:10919000F7F7ECF806466C49F7F7E8F86B49F6F78D
:1091A000DDFF3146F7F7E2F86949F6F7D7FF3146B8
:1091B000F7F7DCF86749F6F7D1FF3146F7F7D6F84D
:1091C0006549F6F7CBFF3146F7F7D0F86349F6F774
:1091D000C5FF314681463046F7F7C8F80146484694
:1091E000F7F7C4F8064641460298F6F7B7FF594626
:1091F000F7F7BCF83146F6F7B1FF414681464046E5
:10920000F7F7B4F856498246F6F7A8FF4946F6F74D
:10921000A5FF20F47F6626F00F0631464046F7F79B
:10922000A5F84F4980463046F6F796FF5146F6F7C7
:1092300093FF01464846F6F78FFF0299F7F796F835
:10924000314681465846F7F791F801464846F6F709
:1092500085FF824601464046F6F780FF20F47F6690
:1092600026F00F0630463F49F7F780F84146814621
:109270003046F6F771FF01465046F6F76DFF3A4962
:10928000F7F774F8394980463046F7F76FF801462A
:109290004046F6F763FF364B019A53F82210F6F773
:1092A0005DFF059A06461046F7F70CF88046314BED
:1092B000019A314653F822A04846F6F74FFF51462F
:1092C000F6F74CFF4146F6F749FF20F47F6B2BF091
:1092D0000F0B41465846F6F73FFF5146F6F73CFF65
:1092E0004946A6E60022FAE601230BE748D12249C7
:1092F0003046F6F733FF394681462046F6F72CFF15
:1093000001464846F7F7EEF900287FF4C7AE8623FA
:109310003BE01A4A934207D900212846F7F7C4F9DF
:10932000003818BF012045E62AD13946F6F714FF68
:109330003146F7F7CDF90028E9D0EDE771C41C00FC
:10934000D6B35D00F897000842F1533E55326C3EAB
:1093500005A38B3EABAAAA3EB76DDB3E9A99193F97
:10936000000040400038763F4F38763FA0C39D361E
:10937000E8970008F09700083CAA3833000016432D
:10938000B3F17C5F40F29B80DB154FF400047E3B21
:109390001C414444C4F3C75361497F3B19412140F8
:1093A000C4F31604C3F1170344F4000438461C4107
:1093B000B8F1000FB8BF6442F6F7CEFE074631465B
:1093C0003846F6F7CBFE20F47F6828F00F084046B9
:1093D0005449F6F7CBFF394681464046F6F7BCFEC6
:1093E00001463046F6F7B8FE4F49F6F7BFFF4F4942
:1093F00006464046F6F7BAFF01463046F6F7AEFE9F
:10940000074601464846F6F7A9FE49460646F6F7DE
:10941000A3FE01463846F6F79FFE314680463046A9
:10942000F6F7A4FF07464249F6F7A0FF4149F6F7D1
:1094300093FE3946F6F79AFF3F49F6F78FFE394615
:10944000F6F794FF3D49F6F787FE3946F6F78EFFAB
:109450003B49F6F783FE3946F6F788FF014630466A
:10946000F6F77AFE074601463046F6F77FFF4FF0E3
:10947000804181463846F6F76FFE01464846F7F7C9
:1094800029F8414607463046F6F770FF4146F6F7A1
:1094900065FE01463846F6F75FFE3146F6F75CFE9C
:1094A00001464FF07E50F6F757FE00EBC453B3F57C
:1094B000000F06DA214600F049F8294649E5002464
:1094C0007DE71846F9E74FF07E5136E5394634E539
:1094D000BBF1FF4F3FF423AD0225484600F032F8C0
:1094E00026F04043B3F17E5FC246014603D0B8F197
:1094F000000F7FF443AD002C04DA4FF07E50F6F7F6
:10950000E9FF0146002EBFF618ADA8F17E5858EAD3
:1095100005087FF42EAD0846F6F71EFE0146F8E476
:10952000000080FF0072313F1872313F8CBEBF35A2
:109530004CBB31330EEADD3555B38A38610B363B0F
:10954000ABAA2A3E20F000407047000030F00042F5
:1095500038B503460D4604462ED0B2F1FF4F04D372
:109560000146F6F7FBFD034626E010F0FF4F18D149
:109570004FF09841F6F7FAFE174A034695420CDB86
:109580000446C0F3C752193A4CF250318D420ADDFD
:109590001249184661F31E0000E01149F6F7E6FE95
:1095A000E1E7D20DF0E75119FE29F1DC002905DDD4
:1095B00024F0FF4444EAC153184638BD11F1160F98
:1095C00001DA0749E5E701F1190024F0FF444FF003
:1095D0004C5144EAC050E1E7B03CFFFFCAF2497188
:1095E0006042A20D38B504460D46FFF7BDFB05608D
:1095F000204638BD08B540B101F10040F6F7B6FE8F
:10960000BDE808402221FFF7EDBF0846F6E74FF01E
:109610008051FFF7EFBF4FF0E041FFF7EBBF0000D5
:1096200020F00042B2F1FF4F2DE9F041034604461D
:109630000AD30146F6F79AFE01462046F6F78EFD5C
:1096400004462046BDE8F081002AFAD0002806DA58
:109650000146F6F781FD0146F6F73CFFF0E710F012
:10966000FF413CD0C2150024192026464FF08071DE
:10967000C3F31603A2F17F0543F40003D20758BFDA
:109680005B006D105B0072189A42CFBF1A465618E5
:1096900064189A1A01384FEA42034FEA5101F2D195
:1096A000BAB1154E154F30683968F6F755FDD6F842
:1096B000008001464046F7F701F850B1306839683C
:1096C000F6F74CFD366801463046F6F7EDFF70B10F
:1096D0000234641004F17C5404EBC554B1E75B0020
:1096E00018020A4601F10101F9D55242BBE70134E3
:1096F00024F00104EDE700BF04980008009800087A
:10970000F8B500BFF8BC08BC9E467047F8B500BF6E
:08971000F8BC08BC9E4670473E
:1097180064656661756C745461736B006D6F646227
:1097280075735461736B00006C65645461736B00EE
:1097380049444C4500000000546D72205376630084
:10974800546D7251000000001897000800000000D6
:1097580000000000000000000000000000020000FF
:109768001800000000000000000000002497000816
:1097780000000000000000000000000000000000E1
:1097880000020000280000000000000000000000A7
:1097980030970008000000000000000000000000F2
:1097A800000000000002000010000000000000009F
:1097B8000000000000000000000000000102030497
:1097C800060708090000000001020304020304055B
:1097D800060708090A0B0C0D0E0F101001020000F5
:1097E80000000000DCCFD1350000000000C0153FAC
:1097F8000000803F0000C03F6042A20D0000803F93
:04980800350100081E
:04980C00110100083E
:109810000500000000127A001000000001000000A6
:10982000AAAAAAAA18000020000000001C200020FC
:1098300084200020EC200020000000000000000038
:109840000000000000000000000000000000000018
:109850000000000000000000000000000000000008
:1098600000000000000000000000000000000000F8
:0498700000000000F4
:04000005080023F1DB
:00000001FF
